Hour,anshanHaichengCity,anshanLishanDist,anshanQianshanDist,anshanTaianCoun,anshanTiedongDist,anshanTiexiDist,anshanYoumanCoun,baichengDaanCity,baichengTaobeiDist,baichengTaonanCity,baichengTongyuCoun,baichengZhenlaiCoun,baishanChangbaichaoxianCoun,baishanFusongCoun,baishanHunjiangDist,baishanJiangyuanDist,baishanJingyuCoun,baishanLinjiangCity,benxiBenmanCoun,benxiHuanmanCoun,benxiMingshanDist,benxiNanfenDist,benxiPingshanDist,benxiXihuDist,changchunChaoyangDist,changchunDehuiCity,changchunErdaoDist,changchunGongzhulingCity,changchunJiutaiDist,changchunKuanchengDist,changchunLvyuanDist,changchunNanguanDist,changchunNonganCoun,changchunShuangyangDist,changchunYushuCity,chaoyangBeipiaoCity,chaoyangChaoyangCoun,chaoyangJianpingCoun,chaoyangKezuoCoun,chaoyangLingyuanCity,chaoyangLongchengDist,chaoyangShuangtaDist,dalianChanghaiCoun,dalianGanjingziDist,dalianJinzhouDist,dalianLvshunkouDist,dalianPulandianDist,dalianShahekouDist,dalianWafangdianCity,dalianXigangDist,dalianZhongshanDist,dalianZhuangheCity,dandongDonggangCity,dandongFengchengCity,dandongKuanmanCoun,dandongYuanbaoDist,dandongZhenanDist,dandongZhenxingDist,daqingDatongDist,daqingDuerboteCoun,daqingHonggangDist,daqingLindianCoun,daqingLongfengDist,daqingRanghuluDist,daqingSaertuDist,daqingZhaoyuanCoun,daqingZhaozhouCoun,daxinganlingHumaCoun,daxinganlingMoheCity,daxinganlingTaheCoun,fushunDongzhouDist,fushunFushunCoun,fushunQingmanCoun,fushunShunchengDist,fushunWanghuaDist,fushunXinfuDist,fushunXinmanCoun,fuxinFumengCoun,fuxinHaizhouDist,fuxinQinghemenDist,fuxinTaipingDist,fuxinXiheDist,fuxinXinqiuDist,fuxinZhangwuCoun,harbinBayanCoun,harbinBinCoun,harbinDaoliDist,harbinDaowaiDist,harbinEchengDist,harbinFangzhengCoun,harbinHulanDist,harbinMulanCoun,harbinNangangDist,harbinPingfangDist,harbinShangzhiCity,harbinShuangchengDist,harbinSongbeiDist,harbinTongheCoun,harbinWuchangCity,harbinXiangfangDist,harbinYanshouCoun,harbinYilanCoun,hegangDongshanDist,hegangGongnongDist,hegangLuobeiCoun,hegangNanshanDist,hegangSuibinCoun,hegangXiangyangDist,hegangXinganDist,hegangXingshanDist,heiheAihuiDist,heiheBeianCity,heiheNenjiangCity,heiheSunwuCoun,heiheWudalianchiCity,heiheXunkeCoun,huludaoJianchangCoun,huludaoLianshanDist,huludaoLonggangDist,huludaoNanpiaoDist,huludaoSuizhongCoun,huludaoXingchengCity,jiamusiDongfengDist,jiamusiFujinCity,jiamusiFuyuanCity,jiamusiHuachuanCoun,jiamusiHuananCoun,jiamusiJiaoDist,jiamusiQianjinDist,jiamusiTangyuanCoun,jiamusiTongjiangCity,jiamusiXiangyangDist,jilinChangyiDist,jilinChuanyingDist,jilinFengmanDist,jilinHuadianCity,jilinJiaoheCity,jilinLongtanDist,jilinPanshiCity,jilinShulanCity,jilinYongjiCoun,jinzhouBeizhenCity,jinzhouGutaDist,jinzhouHeishanCoun,jinzhouLinghaiCity,jinzhouLingheDist,jinzhouTaiheDist,jinzhouYiCoun,jixiChengziheDist,jixiDidaoDist,jixiHengshanDist,jixiHulinCity,jixiJidongCoun,jixiJiguanDist,jixiLishuDist,jixiMashanDist,jixiMishanCity,liaoyangBaitaDist,liaoyangDengtaCoun,liaoyangGongchanglingDist,liaoyangHongweiDist,liaoyangLiaoyangCoun,liaoyangTaiziheDist,liaoyangWenshengDist,liaoyuanDongfengCoun,liaoyuanDongliaoCoun,liaoyuanLongshanDist,liaoyuanXianDist,mudanjiangAiminDist,mudanjiangDonganDist,mudanjiangDongningCity,mudanjiangHailinCity,mudanjiangLinkouCoun,mudanjiangMulingCity,mudanjiangNinganCity,mudanjiangSuifenheCity,mudanjiangXianDist,mudanjiangYangmingDist,panjinDawaDist,panjinPanshanCoun,panjinShuangtaiziDist,panjinXinglongtaiDist,qiqiharAngangxiDist,qiqiharBaiquanCoun,qiqiharFulaerjiDist,qiqiharFuyuCoun,qiqiharGannanCoun,qiqiharJianhuaDist,qiqiharKedongCoun,qiqiharKeshanCoun,qiqiharLongjiangCoun,qiqiharLongshaDist,qiqiharMeilisiDist,qiqiharNeheCity,qiqiharNianzishanDist,qiqiharTailaiCoun,qiqiharTiefengDist,qiqiharYianCoun,qitaiheBoliCoun,qitaiheQieziheDist,qitaiheTaoshanDist,qitaiheXinxingDist,shenyangDadongDist,shenyangFakuCoun,shenyangHepingDist,shenyangHuangguDist,shenyangHunnanDist,shenyangKangpingCoun,shenyangLiaozhongDist,shenyangShenbeixinDist,shenyangShenheDist,shenyangSujiatunDist,shenyangTiexiDist,shenyangXinminCity,shenyangYuhongDist,shuangyashanBaoqingCoun,shuangyashanBaoshanDist,shuangyashanJianshanDist,shuangyashanJixianCoun,shuangyashanLingdongDist,shuangyashanSifangtaiDist,shuangyashanYaoheCoun,shuangyashanYouyiCoun,sipingLishuCoun,sipingShuangliaoCity,sipingTiedongDist,sipingTiexiDist,sipingYimanCoun,songyuanChanglingCoun,songyuanFuyuCity,songyuanNingjiangDist,songyuanQiananCoun,songyuanQianguoerluosiCoun,suihuaAndaCity,suihuaBeilinDist,suihuaHailunCity,suihuaLanxiCoun,suihuaMingshuiCoun,suihuaQinganCoun,suihuaQinggangCoun,suihuaSuilingCoun,suihuaWangkuiCoun,suihuaZhaodongCity,tielingChangtuCoun,tielingDiaobingshanCity,tielingKaiyuanCity,tielingQingheDist,tielingTielingCoun,tielingXifengCoun,tielingYinzhouDist,tonghuaDongchangDist,tonghuaErdaojiangDist,tonghuaHuinanCoun,tonghuaJianCity,tonghuaLiuheCoun,tonghuaMeihekouCity,tonghuaTonghuaCoun,yanbianAntuCoun,yanbianDunhuaCity,yanbianHelongCity,yanbianHunchunCity,yanbianLongjingCity,yanbianTumenCity,yanbianWangqingCoun,yanbianYanjiCity,yichunDaqingshanCoun,yichunFenglinCoun,yichunJiayinCoun,yichunJinlinDist,yichunNanchaCoun,yichunTangwangCoun,yichunTieliCity,yichunWucuiDist,yichunYimeiDist,yichunYouhaoDist,yingkouBayuquanDist,yingkouDashiqiaoCity,yingkouGaizhouCity,yingkouLaobianDist,yingkouXishiDist,yingkouZhanqianDist
20,0.0,1.0,0.0,0.0,1.0,1.0,0.0,0.0,0.0,0.0,0.0,0.0,0.0,0.0,0.0,0.0,0.0,0.0,0.0,0.0,0.0,0.0,0.0,0.0,0.0,0.0,0.0,0.0,0.0,0.0,0.0,0.0,0.0,0.0,0.0,0.0,0.0,0.0,0.0,0.0,0.0,0.0,0.0,0.0,0.0,0.0,0.0,1.0,0.0,1.0,1.0,0.0,0.0,0.0,0.0,0.0,0.0,0.0,0.0,0.0,0.0,0.0,0.0,0.0,0.0,0.0,0.0,0.0,0.0,0.0,0.0,0.0,0.0,0.0,0.0,1.0,0.0,0.0,0.0,1.0,0.0,0.0,0.0,0.0,0.0,0.0,0.0,0.0,0.0,0.0,0.0,0.0,0.0,0.0,0.0,0.0,0.0,0.0,0.0,0.0,0.0,0.0,0.0,1.0,0.0,0.0,0.0,1.0,0.0,1.0,0.0,0.0,0.0,0.0,0.0,0.0,0.0,0.0,0.0,0.0,0.0,0.0,0.0,0.0,0.0,0.0,0.0,0.0,0.0,0.0,0.0,0.0,0.0,0.0,0.0,0.0,0.0,0.0,0.0,0.0,0.0,0.0,0.0,0.0,0.0,0.0,0.0,0.0,0.0,0.0,0.0,0.0,0.0,0.0,0.0,0.0,0.0,0.0,0.0,0.0,0.0,0.0,0.0,0.0,0.0,0.0,0.0,0.0,0.0,0.0,0.0,0.0,0.0,0.0,0.0,0.0,0.0,0.0,0.0,0.0,0.0,0.0,0.0,0.0,0.0,0.0,0.0,0.0,0.0,0.0,0.0,0.0,0.0,0.0,0.0,0.0,0.0,0.0,0.0,0.0,0.0,0.0,1.0,0.0,1.0,1.0,0.0,0.0,0.0,0.0,1.0,0.0,1.0,0.0,0.0,0.0,0.0,1.0,0.0,0.0,0.0,0.0,0.0,0.0,0.0,0.0,0.0,0.0,0.0,0.0,0.0,0.0,0.0,0.0,0.0,0.0,0.0,0.0,0.0,0.0,0.0,0.0,0.0,0.0,0.0,0.0,0.0,0.0,0.0,0.0,0.0,0.0,0.0,0.0,0.0,0.0,0.0,0.0,0.0,0.0,0.0,0.0,0.0,0.0,0.0,0.0,0.0,0.0,0.0,0.0,0.0,0.0,0.0,0.0,0.0,0.0,0.0,0.0,0.0,1.0,0.0
21,0.8442618530092811,1.0,0.38545369634218174,1.0000000000357991,1.0,1.0,0.029512541269303232,0.0,0.0,0.0,0.0,0.0,0.0,0.0,0.0,0.0,0.0,0.0,0.013575140405570695,0.0,0.5154389792508179,0.6104500057280828,0.9999999999805256,0.9999999999899284,0.0,0.0,0.0,0.0,0.0,0.0,0.0,0.0,0.0,0.0,0.0,0.5777762090295779,0.7171255095078218,0.6802318189699157,0.8284637425829535,0.18452385379821828,0.9999999997667596,0.9999999999705964,0.0,0.0,0.0,0.0,0.0,1.0,0.0,1.0,1.0,0.0,0.0,0.0,0.0,0.0,0.0,0.0,0.0,0.0,0.0,0.0,0.0,0.0,0.0,0.0,0.0,0.0,0.0,0.0,0.9999999999991884,0.8473912661812183,0.02324470718029346,0.9946892329124256,0.9999999999388844,1.0,0.052158929848542764,0.7956348443126988,0.5372810963551613,1.0,0.9999999999966068,0.8373218427409004,0.9999999998459428,0.9296672364969124,0.0,0.0,0.0,0.0,0.0,0.0,0.0,0.0,0.0,0.0,0.0,0.0,0.0,0.0,0.0,0.0,0.0,0.0,0.0,1.0,0.0,0.0,0.0,1.0,0.0,1.0,0.0,0.0,0.0,0.0,0.0,0.0,0.6419692577395609,0.26394772739417044,0.0,0.3268231428164041,0.12614701878865306,0.7025415988690629,0.0,0.0,0.0,0.0,0.0,0.0,0.0,0.0,0.0,0.0,0.0,0.0,0.0,0.0,0.0,0.0,0.0,0.0,0.0,0.9670681792296514,0.0,0.9971150026734452,0.7239332533567086,0.0,0.06785683350460764,0.8489963219626662,0.0,0.0,0.0,0.0,0.0,0.0,0.0,0.0,0.0,0.013168397604383776,0.5940517447956479,1.0000000000298508,0.5613791066150499,0.6842544563906288,0.29196335998308104,0.9993499134789054,0.0,0.0,0.0,0.0,0.0,0.0,0.0,0.0,0.0,0.0,0.0,0.0,0.0,0.0,0.4641175728218021,0.9971693307389708,0.9999999999256332,0.9618244103469491,0.0,0.0,0.0,0.0,0.0,0.0,0.0,0.0,0.0,0.0,0.0,0.0,0.0,0.0,0.0,0.0,0.0,0.0,0.0,0.0,1.0,0.919174663980384,1.0,1.0,0.99999999991484,0.8847892059358444,0.7106896095676716,0.26658743189713663,1.0,0.8986116646181248,1.0,0.686496981061625,0.6963010801856169,0.0,0.0,1.0,0.0,0.0,0.0,0.0,0.0,0.0,0.0,0.0,0.0,0.0,0.0,0.0,0.0,0.0,0.0,0.0,0.0,0.0,0.0,0.0,0.0,0.0,0.0,0.0,0.0,0.4118315299445941,1.0000000001864242,0.8112967642999219,1.0000000001828668,0.7587634120778239,0.3598804719534597,0.7447452377345876,0.0,0.0,0.0,0.0,0.0,0.0,0.0,0.0,0.0,0.0,0.0,0.0,0.0,0.0,0.0,0.0,0.0,0.0,0.0,0.0,0.0,0.0,0.0,0.0,0.0,0.05832060863165951,0.46213143438921706,0.3611673696013575,0.971337756036776,1.0,0.9425233190016538
22,0.8442618530092811,1.0,0.38545369634218174,1.0000000000357991,1.0,1.0,0.5284569467429459,0.0,0.0,0.0,0.0,0.0,0.0,0.0,0.0,0.0,0.0,0.0,0.12895159972459036,0.0,0.5154389792508179,0.8491855149350821,0.9999999999805256,0.9999999999899284,0.0,0.0,0.0,0.0,0.0,0.0,0.0,0.0,0.0,0.0,0.0,0.5777762090295779,0.7171255095078218,0.6802318189699157,0.8284637425829535,0.18452385379821828,0.9999999997667596,0.9999999999705964,0.0,0.0,0.0,0.0,0.25132804362635663,1.0,0.21302159207795546,1.0,1.0,0.20108596084942407,0.0,0.017219503974590614,0.0,0.0,0.0,0.0,0.0,0.0,0.0,0.0,0.0,0.0,0.0,0.0,0.0,0.0,0.0,0.0,0.9999999999991884,0.8473912661812183,0.02324470718029346,0.9946892329124256,0.9999999999388844,1.0,0.052158929848542764,0.7956348443126988,0.5372810963551613,1.0,0.9999999999966068,0.8373218427409004,0.9999999998459428,0.9296672364969124,0.0,0.0,0.0,0.0,0.0,0.0,0.0,0.0,0.0,0.0,0.0,0.0,0.0,0.0,0.0,0.0,0.0,0.0,0.0,1.0,0.0,0.0,0.0,1.0,0.0,1.0,0.0,0.0,0.0,0.0,0.0,0.0,0.6419692577395609,0.3383015580489655,0.0,0.3268231428164041,0.8537226793120561,0.7228750853043235,0.0,0.0,0.0,0.0,0.0,0.0,0.0,0.0,0.0,0.0,0.0,0.0,0.0,0.0,0.0,0.0,0.0,0.0,0.0,0.9670681792296514,0.9999999999800788,0.9971150026734452,0.8575854851089423,1.0000000000553941,0.8160925386293988,0.8489963219626662,0.0,0.0,0.0,0.0,0.0,0.0,0.0,0.0,0.0,0.013168397604383776,0.5940517447956479,1.0000000000298508,0.5613791066150499,0.7143585009649606,0.29196335998308104,0.9993499134789054,0.0,0.0,0.0,0.0,0.0,0.0,0.0,0.0,0.0,0.0,0.0,0.0,0.0,0.0,0.4641175728218021,0.9971693307389708,0.9999999999256332,0.9618244103469491,0.0,0.0,0.0,0.0,0.0,0.0,0.0,0.0,0.0,0.0,0.0,0.0,0.0,0.0,0.0,0.0,0.0,0.0,0.0,0.0,1.0,0.919174663980384,1.0,1.0,0.99999999991484,0.8847892059358444,0.7106896095676716,0.26658743189713663,1.0,0.8986116646181248,1.0,0.686496981061625,0.6963010801856169,0.0,0.0,1.0,0.0,0.0,0.0,0.0,0.0,0.0,0.0,0.0,0.0,0.0,0.0,0.0,0.0,0.0,0.0,0.0,0.0,0.0,0.0,0.0,0.0,0.0,0.0,0.0,0.0,0.4118315299445941,1.0000000001864242,0.8112967642999219,1.0000000001828668,0.7587634120778239,0.3598804719534597,0.7447452377345876,0.0,0.0,0.0,0.0,0.0,0.0,0.0,0.0,0.0,0.0,0.0,0.0,0.0,0.0,0.0,0.0,0.0,0.0,0.0,0.0,0.0,0.0,0.0,0.0,0.0,0.05832060863165951,0.46213143438921706,0.6845331948608777,0.971337756036776,1.0,0.9425233190016538
23,0.9988340463809302,1.0,0.38545369634218174,1.0000000000357991,1.0,1.0,0.8595739530705165,0.0,0.0,0.0,0.0,0.0,0.0,0.0,0.0,0.0,0.0,0.0,0.2994473165189845,0.0,0.5154389792508179,0.871373831481825,0.9999999999805256,0.9999999999899284,0.0,0.0,0.0,0.0,0.0,0.0,0.0,0.0,0.0,0.0,0.0,0.5777762090295779,0.7171255095078218,0.6802318189699157,0.8653049417763151,0.2360230463966839,0.9999999997667596,0.9999999999705964,0.0,0.3014087935608696,0.5134567643183887,0.031105842785205017,0.25132804362635663,1.0,0.21302159207795546,1.0,1.0,0.5095373493056443,0.1952346821857997,0.4828762023646089,0.0,0.0,0.0,0.0,0.0,0.0,0.0,0.0,0.0,0.0,0.0,0.0,0.0,0.0,0.0,0.0,0.9999999999991884,0.8473912661812183,0.02324470718029346,0.9946892329124256,0.9999999999388844,1.0,0.052158929848542764,0.7956348443126988,0.5372810963551613,1.0,0.9999999999966068,0.8373218427409004,0.9999999998459428,0.9304835569300148,0.0,0.0,0.0,0.0,0.0,0.0,0.0,0.0,0.0,0.0,0.0,0.0,0.0,0.0,0.0,0.0,0.0,0.0,0.0,1.0,0.0,0.0,0.0,1.0,0.0,1.0,0.0,0.0,0.0,0.0,0.0,0.0,0.8094279694286468,0.3383015580489655,0.0,0.3268231428164041,0.8537226793120561,0.7228750853043235,0.0,0.0,0.0,0.0,0.0,0.0,0.0,0.0,0.0,0.0,0.0,0.0,0.0,0.0,0.0,0.0,0.0,0.0,0.0,0.9670681792296514,0.9999999999800788,0.9971150026734452,0.8575854851089423,1.0000000000553941,0.8160925386293988,0.8489963219626662,0.0,0.0,0.0,0.0,0.0,0.0,0.0,0.0,0.0,0.9999999999273564,0.922787597994148,1.0000000000298508,0.5613791066150499,0.9004892923363741,0.8122578058554489,0.999999999955842,0.0,0.0,0.0,0.0,0.0,0.0,0.0,0.0,0.0,0.0,0.0,0.0,0.0,0.0,0.9348582092686292,1.0000000000500393,0.9999999999256332,0.9618244103469491,0.0,0.0,0.0,0.0,0.0,0.0,0.0,0.0,0.0,0.0,0.0,0.0,0.0,0.0,0.0,0.0,0.0,0.0,0.0,0.0,1.0,0.919174663980384,1.0,1.0,0.99999999991484,0.9449698313861268,0.7445190561227958,0.26658743189713663,1.0,0.8986116646181248,1.0,0.686496981061625,0.6963010801856169,0.0,0.0,1.0,0.0,0.0,0.0,0.0,0.0,0.0,0.0,0.0,0.0,0.0,0.0,0.0,0.0,0.0,0.0,0.0,0.0,0.0,0.0,0.0,0.0,0.0,0.0,0.0,0.0,0.4118315299445941,1.0000000001864242,0.8112967642999219,1.0000000001828668,0.7587634120778239,0.3598804719534597,0.7447452377345876,0.0,0.0,0.0,0.0,0.0,0.0,0.0,0.0,0.0,0.0,0.0,0.0,0.0,0.0,0.0,0.0,0.0,0.0,0.0,0.0,0.0,0.0,0.0,0.0,0.0,0.05832060863165951,0.9848062209978468,0.6845331948608777,0.971337756036776,1.0,0.9425233190016538
0,0.9988340463809302,1.0,0.38545369634218174,1.0000000000357991,1.0,1.0,0.8595739530705165,0.0,0.0,0.0,0.0,0.0,0.0,0.0,0.0,0.0,0.0,0.0,0.2994473165189845,0.0,0.5154389792508179,0.871373831481825,0.9999999999805256,0.9999999999899284,0.0,0.0,0.0,0.0,0.0,0.0,0.0,0.0,0.0,0.0,0.0,0.5777762090295779,0.7174318964329651,0.6802318189699157,0.8653049417763151,0.2360230463966839,0.9999999997667596,0.9999999999705964,0.0,0.3014087935608696,0.5134567643183887,0.031105842785205017,0.25132804362635663,1.0,0.21302159207795546,1.0,1.0,0.5095373493056443,0.5834097604762754,0.9150130454532754,0.018513153217124472,0.0,0.18175062330491448,0.0,0.0,0.0,0.0,0.0,0.0,0.0,0.0,0.0,0.0,0.0,0.0,0.0,0.9999999999991884,0.6636573068532624,0.005789447200855521,0.9946892329124256,0.9999999999388844,1.0,0.0,0.7956348443126988,0.5372810963551613,1.0,0.9999999999966068,0.8373218427409004,0.9999999998459428,0.9304835569300148,0.0,0.0,0.0,0.0,0.0,0.0,0.0,0.0,0.0,0.0,0.0,0.0,0.0,0.0,0.0,0.0,0.0,0.0,0.0,1.0,0.0,0.0,0.0,1.0,0.0,1.0,0.0,0.0,0.0,0.0,0.0,0.0,0.8094279694286468,0.5942990515345975,0.0,0.9505162822032616,0.8537226793120561,0.7228750853043235,0.0,0.0,0.0,0.0,0.0,0.0,0.0,0.0,0.0,0.0,0.0,0.0,0.0,0.0,0.0,0.0,0.0,0.0,0.0,0.9670681792296514,0.9999999999800788,0.9971150026734452,0.8708407164323089,1.0000000000553941,0.8294585534322192,0.8489963219626662,0.0,0.0,0.0,0.0,0.0,0.0,0.0,0.0,0.0,0.9999999999273564,0.922787597994148,1.0000000000298508,0.5613791066150499,0.9004892923363741,0.8122578058554489,0.999999999955842,0.0,0.0,0.0,0.0,0.0,0.0,0.0,0.0,0.0,0.0,0.0,0.0,0.0,0.0,0.9348582092686292,1.0000000000500393,0.9999999999256332,0.9618244103469491,0.0,0.0,0.0,0.0,0.0,0.0,0.0,0.0,0.0,0.0,0.0,0.0,0.0,0.0,0.0,0.0,0.0,0.0,0.0,0.0,1.0,0.919174663980384,1.0,1.0,0.99999999991484,0.9449698313861268,0.7445190561227958,0.26658743189713663,1.0,0.8986116646181248,1.0,0.686496981061625,0.6963010801856169,0.0,0.0,1.0,0.0,0.0,0.0,0.0,0.0,0.0,0.0,0.0,0.0,0.0,0.0,0.0,0.0,0.0,0.0,0.0,0.0,0.0,0.0,0.0,0.0,0.0,0.0,0.0,0.0,0.4118315299445941,1.0000000001864242,0.8112967642999219,1.0000000001828668,0.7587634120778239,0.3598804719534597,0.7447452377345876,0.0,0.0,0.0,0.0,0.0,0.0,0.0,0.0,0.0,0.0,0.0,0.0,0.0,0.0,0.0,0.0,0.0,0.0,0.0,0.0,0.0,0.0,0.0,0.0,0.0,0.05832060863165951,0.9848062209978468,0.6845331948608777,0.971337756036776,1.0,0.9425233190016538
1,0.9988340463809302,1.0,0.38545369634218174,1.0000000000357991,1.0,1.0,0.7084712991688521,0.0,0.0,0.0,0.0,0.0,0.0,0.0,0.0,0.0,0.0,0.0,0.2994473165189845,0.0,0.5154389792508179,0.871373831481825,0.9999999999805256,0.9999999999899284,0.0,0.0,0.0,0.0,0.0,0.0,0.0,0.0,0.0,0.0,0.0,0.5777762090295779,0.7174318964329651,0.5834264254282107,0.8653049417763151,0.2360230463966839,0.9999999997667596,0.9999999999705964,0.0,0.3014087935608696,0.5134567643183887,0.031105842785205017,0.25132804362635663,1.0,0.21302159207795546,1.0,1.0,0.33332972711864955,0.5834097604762754,0.9150130454532754,0.018513153217124472,0.0,0.18175062330491448,0.0,0.0,0.0,0.0,0.0,0.0,0.0,0.0,0.0,0.0,0.0,0.0,0.0,0.9999999999991884,0.6636573068532624,0.005789447200855521,0.9946892329124256,0.9999999999388844,1.0,0.0,0.7956348443126988,0.5372810963551613,1.0,0.9999999999966068,0.8373218427409004,0.9999999998459428,0.9304835569300148,0.0,0.0,0.0,0.0,0.0,0.0,0.0,0.0,0.0,0.0,0.0,0.0,0.0,0.0,0.0,0.0,0.0,0.0,0.0,1.0,0.0,0.0,0.0,1.0,0.0,1.0,0.0,0.0,0.0,0.0,0.0,0.0,0.8094279694286468,0.5942990515345975,0.0,0.9505162822032616,0.8537226793120561,0.7228750853043235,0.0,0.0,0.0,0.0,0.0,0.0,0.0,0.0,0.0,0.0,0.0,0.0,0.0,0.0,0.0,0.0,0.0,0.0,0.0,0.9670681792296514,0.9999999999800788,0.9971150026734452,0.8708407164323089,1.0000000000553941,0.8294585534322192,0.8489963219626662,0.0,0.0,0.0,0.0,0.0,0.0,0.0,0.0,0.0,0.9999999999273564,0.922787597994148,1.0000000000298508,0.5613791066150499,0.9004892923363741,0.8122578058554489,0.999999999955842,0.0,0.0,0.0,0.0,0.0,0.0,0.0,0.0,0.0,0.0,0.0,0.0,0.0,0.0,0.9348582092686292,1.0000000000500393,0.9999999999256332,0.9618244103469491,0.0,0.0,0.0,0.0,0.0,0.0,0.0,0.0,0.0,0.0,0.0,0.0,0.0,0.0,0.0,0.0,0.0,0.0,0.0,0.0,1.0,0.919174663980384,1.0,1.0,0.99999999991484,0.5242262940535163,0.7445190561227958,0.26658743189713663,1.0,0.8986116646181248,1.0,0.686496981061625,0.6963010801856169,0.0,0.0,1.0,0.0,0.0,0.0,0.0,0.0,0.0,0.0,0.0,0.0,0.0,0.0,0.0,0.0,0.0,0.0,0.0,0.0,0.0,0.0,0.0,0.0,0.0,0.0,0.0,0.0,0.12109547549846067,1.0000000001864242,0.801282736875148,1.0000000001828668,0.7587634120778239,0.08597332623463186,0.7447452377345876,0.0,0.0,0.0,0.0,0.0,0.0,0.0,0.0,0.0,0.0,0.0,0.0,0.0,0.0,0.0,0.0,0.0,0.0,0.0,0.0,0.0,0.0,0.0,0.0,0.0,0.05832060863165951,0.9848062209978468,0.6845331948608777,0.971337756036776,1.0,0.9425233190016538
2,0.9988340463809302,1.0,0.38545369634218174,1.0000000000357991,1.0,1.0,0.8595739530705165,0.0,0.0,0.0,0.0,0.0,0.0,0.0,0.0,0.0,0.0,0.0,0.2994473165189845,0.0,0.5154389792508179,0.871373831481825,0.9999999999805256,0.9999999999899284,0.0,0.0,0.0,0.0,0.0,0.0,0.0,0.0,0.0,0.0,0.0,0.5735475016884515,0.6406882465258833,0.37487473438846747,0.8653049417763151,0.2360230463966839,0.3895704149584869,0.2343038517616608,0.0,0.3014087935608696,0.5134567643183887,0.031105842785205017,0.25132804362635663,1.0,0.21302159207795546,1.0,1.0,0.32775250517360666,0.5834097604762754,0.9150130454532754,0.018513153217124472,0.0,0.18175062330491448,0.0,0.0,0.0,0.0,0.0,0.0,0.0,0.0,0.0,0.0,0.0,0.0,0.0,0.9999999999991884,0.6227680511333683,0.0,0.9946892329124256,0.9999999999388844,1.0,0.0,0.7956348443126988,0.5372810963551613,1.0,0.9999999999966068,0.8373218427409004,0.9999999998459428,0.9964289314190262,0.0,0.0,0.0,0.0,0.0,0.0,0.0,0.0,0.0,0.0,0.0,0.0,0.0,0.0,0.0,0.0,0.0,0.0,0.0,1.0,0.0,0.0,0.0,1.0,0.0,1.0,0.0,0.0,0.0,0.0,0.0,0.0,0.8094279694286468,0.5942990515345975,0.0,0.9505162822032616,0.8537226793120561,0.7228750853043235,0.0,0.0,0.0,0.0,0.0,0.0,0.0,0.0,0.0,0.0,0.0,0.0,0.0,0.0,0.0,0.0,0.0,0.0,0.0,0.9670681792296514,0.9999999999800788,0.9971150026734452,0.8708407164323089,1.0000000000553941,0.8294585534322192,0.8489963219626662,0.0,0.0,0.0,0.0,0.0,0.0,0.0,0.0,0.0,0.9999999999273564,0.922787597994148,1.0000000000298508,0.5613791066150499,0.9004892923363741,0.8122578058554489,0.999999999955842,0.0,0.0,0.0,0.0,0.0,0.0,0.0,0.0,0.0,0.0,0.0,0.0,0.0,0.0,0.9348582092686292,1.0000000000500393,0.9999999999256332,0.9618244103469491,0.0,0.0,0.0,0.0,0.0,0.0,0.0,0.0,0.0,0.0,0.0,0.0,0.0,0.0,0.0,0.0,0.0,0.0,0.0,0.0,1.0,0.6964977620089112,1.0,1.0,0.99999999991484,0.27673857242984184,0.7445190561227958,0.26658743189713663,1.0,0.8986116646181248,1.0,0.686496981061625,0.6963010801856169,0.0,0.0,1.0,0.0,0.0,0.0,0.0,0.0,0.0,0.0,0.0,0.0,0.0,0.0,0.0,0.0,0.0,0.0,0.0,0.0,0.0,0.0,0.0,0.0,0.0,0.0,0.0,0.0,0.0,0.8615104284825766,0.20236928301788512,0.009270467631918954,0.6426029114116935,0.0,0.7447452377345876,0.0,0.0,0.0,0.0,0.0,0.0,0.0,0.0,0.0,0.0,0.0,0.0,0.0,0.0,0.0,0.0,0.0,0.0,0.0,0.0,0.0,0.0,0.0,0.0,0.0,0.05832060863165951,0.9848062209978468,0.6845331948608777,0.971337756036776,1.0,0.9425233190016538
3,0.9988340463809302,1.0,0.38545369634218174,1.0000000000357991,1.0,1.0,0.8592935404797645,0.0,0.0,0.0,0.0,0.0,0.0,0.0,0.0,0.0,0.0,0.0,0.013575140405570695,0.0,0.5154389792508179,0.6104500057280828,0.9999999999805256,0.9999999999899284,0.0,0.0,0.0,0.0,0.0,0.0,0.0,0.0,0.0,0.0,0.0,0.5735475016884515,0.14214505021764978,0.007752351428291681,0.11545854104285742,0.2360230463966839,0.36494846811172416,0.2343038517616608,0.0,0.3014087935608696,0.5134567643183887,0.031105842785205017,0.25132804362635663,1.0,0.3912084769740672,1.0,1.0,0.5095373493056443,0.5834097604762754,0.7262191920507559,0.01716309536467721,0.0,0.18175062330491448,0.0,0.0,0.0,0.0,0.0,0.0,0.0,0.0,0.0,0.0,0.0,0.0,0.0,0.9999999999991884,0.6227680511333683,0.0,0.9946892329124256,0.9999999999388844,1.0,0.0,0.7956348443126988,0.5372810963551613,1.0,0.9999999999966068,0.8373218427409004,0.9999999998459428,0.9964289314190262,0.0,0.0,0.0,0.0,0.0,0.0,0.0,0.0,0.0,0.0,0.0,0.0,0.0,0.0,0.0,0.0,0.0,0.0,0.0,1.0,0.0,0.0,0.0,1.0,0.0,1.0,0.0,0.0,0.0,0.0,0.0,0.0,0.6712690229116165,0.5725449928919089,0.0,0.9505162822032616,0.8537226793120561,0.7228750853043235,0.0,0.0,0.0,0.0,0.0,0.0,0.0,0.0,0.0,0.0,0.0,0.0,0.0,0.0,0.0,0.0,0.0,0.0,0.0,0.9670681792296514,0.9999999999800788,0.9971150026734452,0.8708407164323089,1.0000000000553941,0.8294585534322192,0.8489963219626662,0.0,0.0,0.0,0.0,0.0,0.0,0.0,0.0,0.0,0.9999999999273564,0.922787597994148,1.0000000000298508,0.5613791066150499,0.8743141532597054,0.8122578058554489,0.999999999955842,0.0,0.0,0.0,0.0,0.0,0.0,0.0,0.0,0.0,0.0,0.0,0.0,0.0,0.0,0.9348582092686292,1.0000000000500393,0.9999999999256332,0.9618244103469491,0.0,0.0,0.0,0.0,0.0,0.0,0.0,0.0,0.0,0.0,0.0,0.0,0.0,0.0,0.0,0.0,0.0,0.0,0.0,0.0,1.0,0.6873694646303999,1.0,1.0,0.99999999991484,0.27673857242984184,0.7445190561227958,0.26658743189713663,1.0,0.8986116646181248,1.0,0.686496981061625,0.6963010801856169,0.0,0.0,1.0,0.0,0.0,0.0,0.0,0.0,0.0,0.0,0.0,0.0,0.0,0.0,0.0,0.0,0.0,0.0,0.0,0.0,0.0,0.0,0.0,0.0,0.0,0.0,0.0,0.0,0.0,0.01542055787393332,0.001562736731087033,0.0,0.20804932892104908,0.0,0.33308620621399915,0.0,0.0,0.0,0.0,0.0,0.0,0.0,0.0,0.0,0.0,0.0,0.0,0.0,0.0,0.0,0.0,0.0,0.0,0.0,0.0,0.0,0.0,0.0,0.0,0.0,0.5658302212803139,0.9848062209978468,0.9033856670874072,0.971337756036776,1.0,0.9425233190016538
4,0.9988340463809302,1.0,0.38545369634218174,1.0000000000357991,1.0,1.0,0.8592935404797645,0.0,0.0,0.0,0.0,0.0,0.0,0.0,0.0,0.0,0.0,0.0,2.5907757028985425e-05,0.0,0.5154389792508179,0.6104500057280828,0.9999999999805256,0.9999999999899284,0.0,0.0,0.0,0.0,0.0,0.0,0.0,0.0,0.0,0.0,0.0,0.4790752277621706,0.12812741280810092,0.0,0.0,0.0,0.36494846811172416,0.15605793143885072,0.0,0.3014087935608696,0.5233291413506557,0.031105842785205017,0.25132804362635663,1.0,0.4825230069407022,1.0,1.0,0.5095373493056443,0.5834097604762754,0.7262191920507559,0.01716309536467721,0.0,0.18175062330491448,0.0,0.0,0.0,0.0,0.0,0.0,0.0,0.0,0.0,0.0,0.0,0.0,0.0,0.0,0.15958339548031056,0.0,0.2633279696874209,0.5742979830671328,1.0,0.0,0.7956348443126988,0.5372810963551613,1.0,0.9999999999966068,0.8373218427409004,0.9999999998459428,0.9845756281521674,0.0,0.0,0.0,0.0,0.0,0.0,0.0,0.0,0.0,0.0,0.0,0.0,0.0,0.0,0.0,0.0,0.0,0.0,0.0,1.0,0.0,0.0,0.0,1.0,0.0,1.0,0.0,0.0,0.0,0.0,0.0,0.0,0.09056101239036056,0.5629931882346224,0.0,0.9505162822032616,0.8537226793120561,0.6948296638807934,0.0,0.0,0.0,0.0,0.0,0.0,0.0,0.0,0.0,0.0,0.0,0.0,0.0,0.0,0.0,0.0,0.0,0.0,0.0,0.9670681792296514,0.9999999999800788,0.9971150026734452,0.8708407164323089,1.0000000000553941,0.8294585534322192,0.8427725046154331,0.0,0.0,0.0,0.0,0.0,0.0,0.0,0.0,0.0,0.9999999999273564,0.922787597994148,1.0000000000298508,0.5613791066150499,0.8743141532597054,0.8122578058554489,0.999999999955842,0.0,0.0,0.0,0.0,0.0,0.0,0.0,0.0,0.0,0.0,0.0,0.0,0.0,0.0,0.9348582092686292,1.0000000000500393,0.9999999999256332,0.9618244103469491,0.0,0.0,0.0,0.0,0.0,0.0,0.0,0.0,0.0,0.0,0.0,0.0,0.0,0.0,0.0,0.0,0.0,0.0,0.0,0.0,1.0,0.0970937993022327,1.0,1.0,0.99999999991484,0.27673857242984184,0.7445190561227958,0.26658743189713663,1.0,0.8986116646181248,1.0,0.660072212820402,0.6963010801856169,0.0,0.0,1.0,0.0,0.0,0.0,0.0,0.0,0.0,0.0,0.0,0.0,0.0,0.0,0.0,0.0,0.0,0.0,0.0,0.0,0.0,0.0,0.0,0.0,0.0,0.0,0.0,0.0,0.0,0.0,0.0,0.0,0.004318256505909993,0.0,0.0,0.0,0.0,0.0,0.0,0.0,0.0,0.0,0.0,0.0,0.0,0.0,0.0,0.0,0.0,0.0,0.0,0.0,0.0,0.0,0.0,0.0,0.0,0.0,0.0,0.0,0.5658302212803139,0.9848062209978468,0.9033856670874072,0.971337756036776,1.0,0.9425233190016538
5,0.9988340463809302,1.0,0.38545369634218174,1.0000000000357991,1.0,1.0,0.8208317566107116,0.0,0.0,0.0,0.0,0.0,0.0,0.0,0.0,0.0,0.0,0.0,2.5907757028985425e-05,0.0,0.4843842659011289,0.0,0.050549857097955564,0.9999999999899284,0.0,0.0,0.0,0.0,0.0,0.0,0.0,0.0,0.0,0.0,0.0,0.0,0.0003063869251433148,0.0,0.0,0.0,0.0,0.0,0.0,0.3014087935608696,0.5233291413506557,0.031105842785205017,0.25132804362635663,1.0,0.4825230069407022,1.0,1.0,0.5095373493056443,0.5834097604762754,0.5772746559586303,0.0,0.0,0.18175062330491448,0.0,0.0,0.0,0.0,0.0,0.0,0.0,0.0,0.0,0.0,0.0,0.0,0.0,0.0,0.13017035933261467,0.0,0.0,0.0,1.0,0.0,0.022173392312924624,0.0,1.0,0.0,0.0,0.0,0.0,0.0,0.0,0.0,0.0,0.0,0.0,0.0,0.0,0.0,0.0,0.0,0.0,0.0,0.0,0.0,0.0,0.0,0.0,0.0,1.0,0.0,0.0,0.0,1.0,0.0,1.0,0.0,0.0,0.0,0.0,0.0,0.0,0.02433343574158517,0.5014582070113435,0.0,0.6236931393868576,0.8184194799906409,0.6948296638807934,0.0,0.0,0.0,0.0,0.0,0.0,0.0,0.0,0.0,0.0,0.0,0.0,0.0,0.0,0.0,0.0,0.0,0.0,0.0,0.9670681792296514,0.9999999999800788,0.5778868440610427,0.5967984778869142,1.0000000000553941,0.7616017199276116,0.02061749013471557,0.0,0.0,0.0,0.0,0.0,0.0,0.0,0.0,0.0,0.9999999999273564,0.9215018489345316,1.0000000000298508,0.5613791066150499,0.8244313120085784,0.8122578058554489,0.999999999955842,0.0,0.0,0.0,0.0,0.0,0.0,0.0,0.0,0.0,0.0,0.0,0.0,0.0,0.0,0.9348582092686292,0.9985822416250912,0.9999999999256332,0.9618244103469491,0.0,0.0,0.0,0.0,0.0,0.0,0.0,0.0,0.0,0.0,0.0,0.0,0.0,0.0,0.0,0.0,0.0,0.0,0.0,0.0,1.0,0.0,1.0,1.0,0.6636664537569369,0.0,0.7136522837178196,0.0,1.0,0.8986116646181248,1.0,0.0003164389004809334,0.06587540971844226,0.0,0.0,1.0,0.0,0.0,0.0,0.0,0.0,0.0,0.0,0.0,0.0,0.0,0.0,0.0,0.0,0.0,0.0,0.0,0.0,0.0,0.0,0.0,0.0,0.0,0.0,0.0,0.0,0.0,0.0,0.0,0.0,0.0,0.0,0.0,0.0,0.0,0.0,0.0,0.0,0.0,0.0,0.0,0.0,0.0,0.0,0.0,0.0,0.0,0.0,0.0,0.0,0.0,0.0,0.0,0.0,0.0,0.0,0.0,0.0,0.5658302212803139,0.9848062209978468,0.9033856670874072,0.971337756036776,1.0,0.9425233190016538
6,0.9988340463809302,1.0,0.38545369634218174,0.2529691178603673,1.0,1.0,0.8146046870971474,0.0,0.0,0.0,0.0,0.0,0.0,0.0,0.0,0.0,0.0,0.0,0.0,0.0,0.0,0.0,0.0,0.0,0.0,0.0,0.0,0.0,0.0,0.0,0.0,0.0,0.0,0.0,0.0,0.0,0.0,0.0,0.0,0.0,0.0,0.0,0.0,0.3014087935608696,0.5233291413506557,0.031105842785205017,0.25132804362635663,1.0,0.4825230069407022,1.0,1.0,0.5095373493056443,0.5834097604762754,0.4472710667969509,0.0,0.0,0.18175062330491448,0.0,0.0,0.0,0.0,0.0,0.0,0.0,0.0,0.0,0.0,0.0,0.0,0.0,0.0,0.0,0.0,0.0,0.0,1.0,0.0,0.0,0.0,1.0,0.0,0.0,0.0,0.0,0.0,0.0,0.0,0.0,0.0,0.0,0.0,0.0,0.0,0.0,0.0,0.0,0.0,0.0,0.0,0.0,0.0,0.0,0.0,1.0,0.0,0.0,0.0,1.0,0.0,1.0,0.0,0.0,0.0,0.0,0.0,0.0,0.0,0.24546071352571155,0.0,0.0,0.7275756605234034,0.5562899050184426,0.0,0.0,0.0,0.0,0.0,0.0,0.0,0.0,0.0,0.0,0.0,0.0,0.0,0.0,0.0,0.0,0.0,0.0,0.0,0.0,0.9999999999800788,0.0,0.5202150852002203,1.0000000000553941,0.7482357051247911,0.0,0.0,0.0,0.0,0.0,0.0,0.0,0.0,0.0,0.0,0.0,0.0,0.0,0.0,0.3056906535093317,0.0,0.0,0.0,0.0,0.0,0.0,0.0,0.0,0.0,0.0,0.0,0.0,0.0,0.0,0.0,0.0,0.9348582092686292,0.3840193772444881,0.7951426829507944,0.9616814602441957,0.0,0.0,0.0,0.0,0.0,0.0,0.0,0.0,0.0,0.0,0.0,0.0,0.0,0.0,0.0,0.0,0.0,0.0,0.0,0.0,1.0,0.0,1.0,1.0,0.0,0.0,0.011075160826285,0.0,1.0,0.0,1.0,0.0,0.0,0.0,0.0,1.0,0.0,0.0,0.0,0.0,0.0,0.0,0.0,0.0,0.0,0.0,0.0,0.0,0.0,0.0,0.0,0.0,0.0,0.0,0.0,0.0,0.0,0.0,0.0,0.0,0.0,0.0,0.0,0.0,0.0,0.0,0.0,0.0,0.0,0.0,0.0,0.0,0.0,0.0,0.0,0.0,0.0,0.0,0.0,0.0,0.0,0.0,0.0,0.0,0.0,0.0,0.0,0.0,0.0,0.0,0.0,0.0,0.0,0.5658302212803139,0.8936169931975468,0.8387299746214931,0.971337756036776,1.0,0.9425233190016538
7,0.6948222037315466,1.0,0.21427898389539887,0.024571542668851587,1.0,1.0,0.2082902961231391,0.0,0.0,0.0,0.0,0.0,0.0,0.0,0.0,0.0,0.0,0.0,0.0,0.0,0.0,0.0,0.0,0.0,0.0,0.0,0.0,0.0,0.0,0.0,0.0,0.0,0.0,0.0,0.0,0.0,0.0,0.0,0.0,0.0,0.0,0.0,0.0,0.3014087935608696,0.009872377032267001,0.031105842785205017,0.00535009938857604,1.0,0.28320087623191903,1.0,1.0,0.003759871340757855,0.08904745002711888,0.22322181116983547,0.0,0.0,0.16996824677674116,0.0,0.0,0.0,0.0,0.0,0.0,0.0,0.0,0.0,0.0,0.0,0.0,0.0,0.0,0.0,0.0,0.0,0.0,1.0,0.0,0.0,0.0,1.0,0.0,0.0,0.0,0.0,0.0,0.0,0.0,0.0,0.0,0.0,0.0,0.0,0.0,0.0,0.0,0.0,0.0,0.0,0.0,0.0,0.0,0.0,0.0,1.0,0.0,0.0,0.0,1.0,0.0,1.0,0.0,0.0,0.0,0.0,0.0,0.0,0.0,0.0,0.0,0.0,0.7275756605234034,0.4662704297152033,0.0,0.0,0.0,0.0,0.0,0.0,0.0,0.0,0.0,0.0,0.0,0.0,0.0,0.0,0.0,0.0,0.0,0.0,0.0,0.0,0.0,0.0,0.0,0.0,0.0,0.0,0.0,0.0,0.0,0.0,0.0,0.0,0.0,0.0,0.0,0.0,0.0,0.0,0.0,0.21391656454319488,0.0,0.0,0.0,0.0,0.0,0.0,0.0,0.0,0.0,0.0,0.0,0.0,0.0,0.0,0.0,0.0,0.4707406364468272,0.0028306693110683933,0.0,0.0,0.0,0.0,0.0,0.0,0.0,0.0,0.0,0.0,0.0,0.0,0.0,0.0,0.0,0.0,0.0,0.0,0.0,0.0,0.0,0.0,1.0,0.0,1.0,1.0,0.0,0.0,0.010876284907494769,0.0,1.0,0.0,1.0,0.0,0.0,0.0,0.0,1.0,0.0,0.0,0.0,0.0,0.0,0.0,0.0,0.0,0.0,0.0,0.0,0.0,0.0,0.0,0.0,0.0,0.0,0.0,0.0,0.0,0.0,0.0,0.0,0.0,0.0,0.0,0.0,0.0,0.0,0.0,0.0,0.0,0.0,0.0,0.0,0.0,0.0,0.0,0.0,0.0,0.0,0.0,0.0,0.0,0.0,0.0,0.0,0.0,0.0,0.0,0.0,0.0,0.0,0.0,0.0,0.0,0.0,0.05832060863165951,0.7930235745578154,0.5308699435725552,0.971337756036776,1.0,0.9425233190016538
8,0.0,1.0,0.0,0.0,1.0,1.0,0.0,0.0,0.0,0.0,0.0,0.0,0.0,0.0,0.0,0.0,0.0,0.0,0.0,0.0,0.0,0.0,0.0,0.0,0.0,0.0,0.0,0.0,0.0,0.0,0.0,0.0,0.0,0.0,0.0,0.0,0.0,0.0,0.0,0.0,0.0,0.0,0.0,0.3014087935608696,0.009872377032267001,0.031105842785205017,0.0,1.0,0.2695014148627468,1.0,1.0,0.0,0.0,0.0,0.0,0.0,0.0,0.0,0.0,0.0,0.0,0.0,0.0,0.0,0.0,0.0,0.0,0.0,0.0,0.0,0.0,0.0,0.0,0.0,0.0,1.0,0.0,0.0,0.0,1.0,0.0,0.0,0.0,0.0,0.0,0.0,0.0,0.0,0.0,0.0,0.0,0.0,0.0,0.0,0.0,0.0,0.0,0.0,0.0,0.0,0.0,0.0,0.0,1.0,0.0,0.0,0.0,1.0,0.0,1.0,0.0,0.0,0.0,0.0,0.0,0.0,0.0,0.0,0.0,0.0,0.5540095045983021,0.02033348643526065,0.0,0.0,0.0,0.0,0.0,0.0,0.0,0.0,0.0,0.0,0.0,0.0,0.0,0.0,0.0,0.0,0.0,0.0,0.0,0.0,0.0,0.0,0.0,0.0,0.0,0.0,0.0,0.0542685152463968,0.0,0.0,0.0,0.0,0.06174846339182737,0.8587166334691112,0.0,0.0,0.0,0.0,0.0,0.0,0.0,0.0,0.0,0.0,0.0,0.0,0.0,0.0,0.0,0.0,0.29081016299143425,0.17909813151639686,0.0,0.0,0.0,0.0,0.0,0.0,0.0,0.0,0.0,0.0,0.0,0.0,0.0,0.0,0.0,0.0,0.0,0.0,0.0,0.0,0.0,0.0,0.0,0.0,0.0,0.0,0.0,0.0,1.0,0.0,1.0,1.0,0.0,0.0,0.0,0.0,1.0,0.0,1.0,0.0,0.0,0.0,0.0,1.0,0.0,0.0,0.0,0.0,0.0,0.0,0.0,0.0,0.0,0.0,0.0,0.0,0.0,0.0,0.0,0.0,0.0,0.0,0.0,0.0,0.0,0.0,0.0,0.0,0.0,0.0,0.0,0.0,0.0,0.0,0.0,0.0,0.0,0.0,0.0,0.0,0.0,0.0,0.0,0.0,0.0,0.0,0.4261639753358938,0.0,0.0,0.0,0.0,0.0,0.0,0.0,0.0,0.0,0.0,0.0,0.0,0.0,0.0,0.5075096126486544,0.0,0.2188524722265298,0.0,1.0,0.0
9,0.1548329344995479,1.0,0.0,0.0,1.0,1.0,0.0,0.0,0.0,0.0,0.0,0.0,0.0,0.0,0.0,0.0,0.0,0.0,0.0,0.0,0.0,0.0,0.0,0.0,0.0,0.0,0.0,0.0,0.0,0.0,0.0,0.0,0.0,0.0,0.0,0.0,0.0,0.0,0.0,0.0,0.0,0.0,0.0,0.3014087935608696,0.009872377032267001,0.031105842785205017,0.0,1.0,0.2695014148627468,1.0,1.0,0.0,0.0,0.0,0.0,0.0,0.0,0.0,0.0,0.0,0.0,0.0,0.0,0.0,0.0,0.0,0.0,0.0,0.0,0.16307081115916566,0.0,0.0,0.0,0.0,0.0,1.0,0.0,0.0,0.0,1.0,0.0,0.0,0.0,0.0,0.0,0.0027051001323723733,0.0,0.0,0.0,0.11877462554851614,0.0,0.00012899784071770018,0.0,0.0,0.0,0.0,0.0,0.4899640938450265,0.0,0.0,0.0,0.0,0.0,1.0,0.0,0.0,0.0,1.0,0.0,1.0,0.0,0.0,0.0,0.0,0.0,0.0,0.0,0.0,0.0,0.0,0.5540095045983021,0.4662704297152033,0.0,0.0,0.0,0.0,0.0,0.0,0.0,0.0,0.0,0.0,0.0,0.0,0.0,0.0,0.0,0.0,0.0,0.0,0.0,0.0,0.0,0.0,0.05428527871597711,0.0,0.0,0.0,0.0428341600685205,0.5821031813163082,0.7414254672994479,0.0,0.04155855054402919,0.5725722789345112,0.9999999999667882,1.000000000062412,0.0,0.0,0.0,0.0,0.0,0.0,0.0,0.0,0.0,0.0,0.0,0.0,0.0,0.0,0.0,0.0,0.4012684706253417,0.2455246309953197,0.0,0.0,0.0,0.0,0.4972418352332459,0.09868154888786652,0.0,0.6670535559763316,0.0,0.0,0.0,0.0,0.0,0.0,0.0,0.0,0.0,0.0,0.0,0.0,0.0,0.0,0.0,0.0,0.0009897613474303883,0.0,0.0,0.0,1.0,0.0,1.0,1.0,0.0,0.0,0.0,0.0,1.0,0.0,1.0,0.0,0.0,0.0,0.0,1.0,0.0,0.0,0.0,0.0,0.0,0.0,0.0,0.0,0.0,0.0,0.0,0.0,0.0,0.0,0.0,0.0,0.0,0.0,0.0,0.0,0.0,0.0,0.0,0.0,0.0,0.0,0.0,0.0,0.0,0.0,0.0,0.0,0.0,0.0,0.0,0.0,0.0,0.0,0.0,0.0,0.0,0.0,0.4261639753358938,0.0,0.0,0.0,0.0,0.0,0.0,0.0,0.0,0.0,0.0,0.0,0.0,0.0,0.0,0.5075096126486544,0.7835943870590744,0.23586128537836246,0.9518475650167372,1.0,0.9425233190016538
10,0.7553751094535256,1.0,0.21427898389539887,1.0000000000357991,1.0,1.0,0.6311133797459078,0.0,0.0,0.0,0.0,0.0,0.0,0.0,0.0,0.0,0.0,0.0,0.0,0.0,0.0,0.0,0.0,0.0,0.0,0.0,0.0,0.0,0.0,0.0,0.0,0.0,0.0,0.0,0.0,0.0,0.0,0.0,0.0,0.0,0.0,0.0,0.0,0.0,0.009872377032267001,0.0,0.00535009938857604,1.0,0.4613877611280309,1.0,1.0,0.32734274871309715,0.5834097604762754,0.6611480077226684,0.15379760763278708,0.0,0.1830937222452722,0.0,0.0,0.0,0.0,0.0,0.0,0.0,0.0,0.0,0.0,0.13903532761543255,0.0,0.9078975683956378,0.0,0.0,0.0,0.0,0.0,1.0,0.0,0.022173392312924624,0.0,1.0,0.0,0.0,0.0,0.0,0.06262836024359661,0.2658768871633772,0.0,0.0,2.082504607631908e-06,0.8425014829730713,0.0,0.9994747546609936,0.0,0.0,0.423666287035544,0.0,0.0,0.9552349040218592,0.0,0.0,0.9829014239135168,0.003396651415145713,0.0,1.0,0.0,0.0,0.0,1.0,0.0,1.0,0.0,0.0,0.0,0.0,0.0,0.0,0.02433343574158517,0.40545973941832303,0.9876670474425696,0.0,0.8184194799906409,0.652469138060017,0.0,0.3829802871470746,0.0,0.0,0.0,0.0,0.0,0.0,0.0,0.0,0.0,0.0,0.0,0.0,0.0,0.0,0.0,0.0,0.0,0.9670681792296514,0.9999999999800788,0.870353861009298,0.7692476121450691,1.0000000000553941,0.7482357051247911,0.1872414304543792,0.5255362464327096,0.9999999998168176,1.0000000002738838,0.0,0.7226214971631701,0.9999999999271314,0.9999999999667882,1.000000000062412,0.010258116165417623,0.9868316023229726,0.3287358531985005,0.0,0.0,0.5205185737089784,0.5202944458723677,0.0006500864769364924,0.0,0.0,0.0,0.0,0.0,0.0,0.0,0.0,0.4141157869316491,0.2455246309953197,0.0,0.0,0.0,0.0,0.9348582092686292,1.0000000000500393,0.9999999999256332,0.9618244103469491,0.0,0.0,0.0,0.0,0.0,0.0,0.0,0.0,0.0,0.0,0.0,0.0,0.0,0.0,0.0,0.0,0.15971170814933175,0.0,0.0,0.0,1.0,0.0,1.0,1.0,0.0,0.0,0.7445190561227958,0.0,1.0,0.0,1.0,0.21263738624499776,0.0,0.012567910278938112,0.0,1.0,0.09788038203108466,0.0,0.0,0.00044425846617267127,0.6159538695986794,0.0,0.0,0.0,0.0,0.0,0.0,0.0,0.0,0.0,0.0,0.0,0.0,0.0,0.0,0.0,0.034321679132108415,0.0,0.0,0.0,0.0,0.0,0.0,0.0,0.0,0.0,0.0,0.0,0.0,0.0,0.0,0.0,0.0,0.0,0.0,0.0,0.0,0.08225438540818923,0.4668995728659557,0.0,0.0,0.0,0.0,0.12896407554544964,0.0,0.0,0.0,0.0,0.0,0.01018121929181466,0.0,0.0,0.0,0.5075096126486544,0.7836010325163018,0.23586128537836246,0.9518475650167372,1.0,0.9425233190016538
11,0.9988340463809302,1.0,0.38545369634218174,1.0000000000357991,1.0,1.0,0.8561327255128282,0.0,0.0,0.0,0.0,0.0,0.0,0.0,0.0,0.0,0.0,0.0,0.5617420492892132,0.229711943760802,0.4843842659011289,0.2609238257537423,0.050549857097955564,0.9999999999899284,0.0,0.0,0.0,0.0,0.0,0.0,0.0,0.0,0.0,0.0,0.0,0.0,0.0003063869251433148,0.0,0.0,0.0,0.0,0.0,0.0,0.3063941345164428,0.009872377032267001,0.937904207801442,0.4622814604820782,1.0,0.4825230069407022,1.0,1.0,0.7994272346674242,0.5834097604762754,0.9195032889569268,0.8596717592155341,0.0,0.1830937222452722,0.0,0.0,0.0,0.0,0.0,0.0,0.0,0.0,0.0,0.0,0.17352622888226318,0.2136974403455333,0.9507836471442492,0.9999999999991884,0.6227680511333683,0.0,0.9946892329124256,0.9999999999388844,1.0,0.004967560106469277,0.2424910729826894,0.0,1.0,0.0,0.057456607105397725,0.0,0.6032803761885541,0.9896431949203476,0.8492673435984378,0.0,0.0,0.16242873889294865,0.9425920066209188,0.2479465417921722,0.9999999998381623,0.0,0.0,0.4974505297824448,0.0,0.0,0.999005224957316,0.4305370324411792,0.0,0.9829014239135168,0.3587181824591437,0.0,1.0,0.0,0.0,0.0,1.0,0.0,1.0,0.0,0.0,0.0,0.0,0.0,0.0,0.02433343574158517,0.8325641157748714,0.9876670474425696,0.6236931393868576,0.8184194799906409,0.7424886133632562,0.18479044868359149,0.5277982283856367,0.0,0.36947425962395136,0.008774924757175152,0.4919636660897958,0.9999999998155124,0.05321257662286827,0.0,0.3785043642174059,0.0,0.0,0.0,0.0,0.0,0.0,0.0,0.0,0.0,0.9670681792296514,0.9999999999800788,0.9971150026734452,0.8708407164323089,1.0000000000553941,0.8294585534322192,0.6688347509035374,0.5255362464327096,0.9999999998168176,1.0000000002738838,0.0,0.7301515708052703,0.9999999999271314,0.9999999999667882,1.000000000062412,0.010258116165417623,0.9999999999273564,0.9215018489345316,1.0000000000298508,0.5613791066150499,0.8506064510852471,0.8122578058554489,0.999999999955842,0.0,0.0,0.0,0.0,0.0,0.0,0.0,0.04269598504300797,0.5671339661535834,0.2455246309953197,0.0,0.0,0.0,0.0,0.9348582092686292,1.0000000000500393,0.9999999999256332,0.9618244103469491,0.0,0.0,0.0,0.0,0.0,0.0,0.0,0.0,0.0,0.0,0.0,0.0,0.0,0.0,0.0,0.0,0.31870558395296944,0.0,0.8109593137261127,0.04326061492093635,1.0,0.919174663980384,1.0,1.0,0.99999999991484,0.9449698313861268,0.7445190561227958,0.26658743189713663,1.0,0.8986116646181248,1.0,0.686496981061625,0.6963010801856169,0.2863156163203493,0.3607060399018718,1.0,0.6937672229036955,0.0,0.0016006397855663481,0.3721868761680949,0.9984293381306631,0.0,0.0,0.0,0.0,0.0,0.0,0.0,0.0,0.0,0.0,0.0,0.419915513520457,0.0,0.015592132905595487,0.0,0.6176248804858102,0.0,0.0,0.0005773033745061215,0.0,0.17808305191129647,1.0000000001864242,0.22764595081346126,0.009270467631918954,0.6706520351320123,0.0,0.7447452377345876,0.0,0.0,0.0,0.0,0.0,0.0,0.0,0.0,0.0,0.08225438540818923,0.4668995728659557,0.0,0.0,0.0,0.0,0.12896407554544964,0.0,0.0,0.0,0.0,0.0,0.3409811970317813,0.0,0.0,0.0,0.5658302212803139,0.8936169931975468,0.8387299746214931,0.971337756036776,1.0,0.9425233190016538
12,0.9988340463809302,1.0,0.38545369634218174,1.0000000000357991,1.0,1.0,0.8595739530705165,0.0,0.0,0.0,0.0,0.0,0.0,0.0,0.0,0.0,0.0,0.0,0.6957669170562978,0.36854102709241576,0.5154389792508179,0.871373831481825,0.9999999999805256,0.9999999999899284,0.0,0.0,0.0,0.0,0.00199491532128224,0.0,0.0,0.0,0.0,0.0,0.5680979775254267,0.0,0.0003063869251433148,0.0,0.0,0.0,0.0,0.0,0.019138367009307374,0.3063941345164428,0.10511946575684207,0.937904207801442,0.8676557112231569,1.0,0.5782062496454144,1.0,1.0,0.8190067815015952,0.5834097604762754,0.9996339377195532,0.922120130101313,0.0,0.3211498105720044,0.0,0.0,0.0,0.0,0.0,0.0,0.0,0.0,0.0,0.0,0.17523660357093876,0.2136974403455333,0.9507836471442492,0.9999999999991884,0.639927140932833,0.0,0.9946892329124256,0.9999999999388844,1.0,0.06515525543065924,0.2424910729826894,0.0,1.0,0.0,0.057456607105397725,0.0,0.6032803761885541,0.989643953806963,0.9022076192934892,0.0422626735073782,0.7282027308995145,0.8863441561714513,0.9425920066209188,0.2479465417921722,0.9999999998381623,0.9426099130097216,0.9999999999943008,0.4974505297824448,0.07025480795514018,0.0,0.999005224957316,0.5446806538274082,0.8393971027758287,0.9829014239135168,0.8808440693357313,0.0,1.0,0.0,0.0,0.0,1.0,0.0,1.0,0.0,0.0,0.0,0.0,0.0,0.0,0.02433343574158517,0.8325641157748714,0.9876670474425696,0.6236931393868576,0.8184194799906409,0.7424886133632562,0.18479044868359149,0.5277982283856367,0.0,0.37044055550065824,0.8619608830654043,0.532626544854027,0.9999999998155124,0.05321257662286827,0.0,0.3785043642174059,0.0,0.0,0.0,0.0,0.0,0.07073433388853807,0.0,0.6580300043916095,0.0,0.9670681792296514,0.9999999999800788,0.9971150026734452,0.8708407164323089,1.0000000000553941,0.8294585534322192,0.6688347509035374,0.9999999999084564,0.9999999998168176,1.0000000002738838,0.1802764079166253,0.9560887070431764,0.9999999999271314,0.9999999999667882,1.000000000062412,0.41911482129289096,0.9999999999273564,0.922787597994148,1.0000000000298508,0.5613791066150499,0.9004892923363741,0.8122578058554489,0.999999999955842,0.0,0.0,0.0,0.0,0.0,0.0,0.0,0.04269598504300797,0.6202090468283964,0.2455246309953197,0.0,0.0,0.0,0.0,0.9348582092686292,1.0000000000500393,0.9999999999256332,0.9618244103469491,0.0,0.0,0.0,0.0,0.0,0.0,0.0,0.0,0.0,0.0,0.0,0.0,0.0,0.0,0.0,0.0,1.0000000001270293,0.3450880917039846,0.9999999998935024,0.7766325388697092,1.0,0.919174663980384,1.0,1.0,0.99999999991484,0.9449698313861268,0.7445190561227958,0.26658743189713663,1.0,0.8986116646181248,1.0,0.686496981061625,0.6963010801856169,0.7943742173054541,0.7543945746532558,1.0,0.6937672229036955,0.063221277464137,0.0016006397855663481,0.4875155939831231,1.0000000002077207,0.0,0.0,0.0,0.0,0.0,0.0,0.0,0.0,0.0,0.0,0.0,0.9433504211225348,0.0013902342556564294,0.015592132905595487,0.0,0.7873051261800044,0.0,0.0545649685204553,0.3852288651846182,0.0,0.4100712672841053,1.0000000001864242,0.5340164294376877,0.2820230506033791,0.6706520351320123,0.0,0.7447452377345876,0.0,0.0,0.0,0.0,0.0,0.0,0.0,0.0,0.0,0.08225438540818923,0.4668995728659557,0.0,0.0,0.0,0.0,0.12896407554544964,0.0,0.0,0.0,0.0,0.0,0.3409811970317813,0.0,0.0,0.0,0.5658302212803139,0.9848062209978468,0.9033856670874072,0.971337756036776,1.0,0.9425233190016538
13,0.9988340463809302,1.0,0.38545369634218174,1.0000000000357991,1.0,1.0,0.8595739530705165,0.0,0.0,0.0,0.0,0.0,0.0,0.0,0.0,0.0,0.0,0.0,0.6957669170562978,0.36854102709241576,0.5154389792508179,0.871373831481825,0.9999999999805256,0.9999999999899284,0.0,0.0,0.0,0.0,0.00199491532128224,0.0,0.0,0.0,0.0,0.0,0.5680979775254267,0.0,0.0003063869251433148,0.0,0.0,0.0,0.0,0.0,0.019138367009307374,0.3063941345164428,0.10511946575684207,0.937904207801442,0.8676557112231569,1.0,0.5782062496454144,1.0,1.0,0.8190067815015952,0.5905596744698491,0.9996339377195532,0.929149982371564,0.9999999999434824,0.9999999997963704,0.08207906657906065,0.0,0.0,0.0,0.0,0.0,0.0,0.0,0.0,0.0,0.17523660357093876,0.2136974403455333,0.9507836471442492,0.9999999999991884,0.639927140932833,0.0,0.9946892329124256,0.9999999999388844,1.0,0.06515525543065924,0.2424910729826894,0.0,1.0,0.0,0.057456607105397725,0.0,0.6032803761885541,0.989643953806963,0.9022076192934892,0.0422626735073782,0.7282027308995145,0.8863441561714513,0.9425920066209188,0.2479465417921722,0.9999999998381623,0.9426099130097216,0.9999999999943008,0.4974505297824448,0.07025480795514018,0.0,0.999005224957316,0.5446806538274082,0.8393971027758287,0.9829014239135168,0.8808440693357313,0.0,1.0,0.0,0.0,0.0,1.0,0.0,1.0,0.0,0.0,0.0,0.0,0.0,0.0,0.02433343574158517,0.8325641157748714,0.9876670474425696,0.6236931393868576,0.8184194799906409,0.7424886133632562,0.18479044868359149,0.5277982283856367,0.0,0.37044055550065824,0.8619608830654043,0.532626544854027,0.9999999998155124,0.05321257662286827,0.0,0.3785043642174059,0.0,0.0,0.0,0.0,0.0,0.07073433388853807,0.0,0.6580300043916095,0.0,0.9670681792296514,0.9999999999800788,0.9971150026734452,0.8708407164323089,1.0000000000553941,0.8294585534322192,0.6688347509035374,0.9999999999084564,0.9999999998168176,1.0000000002738838,0.6287876742861712,0.9560887070431764,0.9999999999271314,0.9999999999667882,1.000000000062412,0.64441318149453,0.9999999999273564,0.922787597994148,1.0000000000298508,0.5613791066150499,0.9004892923363741,0.8122578058554489,0.999999999955842,0.0,0.0,0.0,0.0,0.0,0.0,0.0,0.04269598504300797,0.6202090468283964,0.2455246309953197,0.0,0.0,0.0,0.0,0.9348582092686292,1.0000000000500393,0.9999999999256332,0.9618244103469491,0.0,0.0,0.0,0.0,0.0,0.0,0.0,0.0,0.0,0.0,0.0,0.0,0.0,0.0,0.0,0.0,1.0000000001270293,0.9999999999679556,0.9999999998935024,0.9997514683007726,1.0,0.919174663980384,1.0,1.0,0.99999999991484,0.9449698313861268,0.7445190561227958,0.26658743189713663,1.0,0.8986116646181248,1.0,0.686496981061625,0.6963010801856169,0.8721140147624568,0.7543945746532558,1.0,0.6937672229036955,0.063221277464137,0.0016006397855663481,0.4875155939831231,1.0000000002077207,0.0,0.0,0.0,0.0,0.0,0.0,0.0,0.0,0.0,0.0,0.0,0.9433504211225348,0.0013902342556564294,0.015592132905595487,0.0,0.7873051261800044,0.0,0.0545649685204553,0.3852288651846182,0.0,0.4100712672841053,1.0000000001864242,0.5340164294376877,0.2820230506033791,0.6706520351320123,0.0,0.7447452377345876,0.0,0.0,0.0,0.0,0.0,0.0,0.0,0.0,0.0,0.08225438540818923,0.4668995728659557,0.0,0.0,0.0,0.0,0.20674662802056296,0.0,0.0,0.0,0.0,0.0,0.3409811970317813,0.0,0.0,0.0,0.5658302212803139,0.9848062209978468,0.9033856670874072,0.971337756036776,1.0,0.9425233190016538
14,0.9988340463809302,1.0,0.38545369634218174,1.0000000000357991,1.0,1.0,0.8565076985238886,0.0,0.0,0.0,0.0,0.0,0.0,0.0,0.0,0.0,0.0,0.0,0.5803904577372782,0.36854102709241576,0.5154389792508179,0.6326383222748261,0.9999999999805256,0.9999999999899284,0.0,0.0,0.0,0.0,0.00199491532128224,0.0,0.0,0.0,0.0,0.0,0.5680979775254267,0.0,0.0003063869251433148,0.12893409224035846,0.0,0.0,0.0,0.0,0.019138367009307374,0.0,0.10511946575684207,0.0,0.8676557112231569,1.0,0.5782062496454144,1.0,1.0,0.8190067815015952,0.954495872892817,0.982780501918628,0.929149982371564,0.9999999999434824,0.9999999997963704,0.08207906657906065,0.0,0.0,0.0,0.0,0.0,0.0,0.0,0.0,0.0,0.17523660357093876,0.2136974403455333,0.9507836471442492,0.9999999999991884,0.639927140932833,0.0,0.9946892329124256,0.9999999999388844,1.0,0.06515525543065924,0.0840069440905312,0.0,1.0,0.0,0.0,0.0,0.28041556705127824,0.989643953806963,0.9022076192934892,0.0422626735073782,0.7282027308995145,0.8863441561714513,0.9425920066209188,0.2479465417921722,0.9999999998381623,0.9426099130097216,0.9999999999943008,0.4974505297824448,0.07025480795514018,0.0,0.999005224957316,0.5446806538274082,0.8393971027758287,0.9829014239135168,0.8808440693357313,0.0,1.0,0.0,0.0,0.0,1.0,0.0,1.0,0.0,0.0,0.0,0.0,0.0,0.0,0.02433343574158517,0.6614572329039549,0.9876670474425696,0.6236931393868576,0.8184194799906409,0.652469138060017,0.18479044868359149,0.5277982283856367,0.0,0.37044055550065824,0.8619608830654043,0.532626544854027,0.9999999998155124,0.05321257662286827,0.0,0.3785043642174059,0.0,0.0,0.0,0.0,0.0,0.07073433388853807,0.0,0.6580300043916095,0.0,0.9670681792296514,0.9999999999800788,0.9807778768731156,0.8708407164323089,1.0000000000553941,0.8294585534322192,0.6688347509035374,0.9999999999084564,0.9999999998168176,1.0000000002738838,0.6622914602346148,0.9560887070431764,0.9999999999271314,0.9999999999667882,1.000000000062412,0.7211376724718109,0.9999999999273564,0.922787597994148,1.0000000000298508,0.5613791066150499,0.7649999412543995,0.8122578058554489,0.999999999955842,0.0,0.0,0.0,0.0,0.0,0.0,0.0,0.04269598504300797,0.6202090468283964,0.2455246309953197,0.0,0.0,0.0,0.0,0.9348582092686292,1.0000000000500393,0.9999999999256332,0.9618244103469491,0.0,0.0,0.0,0.0,0.0,0.0,0.0,0.0,0.0,0.0,0.0,0.0,0.0,0.0,0.0,0.0,1.0000000001270293,0.9999999999679556,0.9999999998935024,0.9997514683007726,1.0,0.9190545788879154,1.0,1.0,0.99999999991484,0.93913217225533,0.7445190561227958,0.26658743189713663,1.0,0.8986116646181248,1.0,0.686496981061625,0.6963010801856169,0.8721140147624568,0.7543945746532558,1.0,0.6937672229036955,0.063221277464137,0.0016006397855663481,0.4875155939831231,1.0000000002077207,0.0,0.0,0.0,0.0,0.0,0.0,0.0,0.0,0.0,0.0,0.0,0.9433504211225348,0.0013902342556564294,0.015592132905595487,0.0,0.7873051261800044,0.0,0.0545649685204553,0.3852288651846182,0.0,0.4100712672841053,1.0000000001864242,0.5340164294376877,0.2820230506033791,0.6706520351320123,0.0,0.7447452377345876,0.0,0.0,0.0,0.0,0.0,0.0,0.0,0.0,0.0,0.08225438540818923,0.4668995728659557,0.0,0.0,0.0,0.0,0.20674662802056296,0.0,0.0,0.0,0.0,0.0,0.3409811970317813,0.0,0.0,0.0,0.5658302212803139,0.9848062209978468,0.9033856670874072,0.971337756036776,1.0,0.9425233190016538
15,0.7553751094535256,1.0,0.21427898389539887,1.0000000000357991,1.0,1.0,0.6695751636149606,0.0,0.0,0.0,0.0,0.0,0.0,0.0,0.0,0.0,0.0,0.0,0.1705216245514232,0.019250642425680482,0.4843842659011289,0.02218831654674321,0.050549857097955564,0.9999999999899284,0.0,0.0,0.0,0.0,0.0,0.0,0.0,0.0,0.0,0.0,0.5680979775254267,0.0,0.0,0.3053570845814486,0.0,0.0,0.0,0.0,0.019138367009307374,0.0,0.0,0.0,0.28092723052074065,1.0,0.16559683819810914,1.0,1.0,0.6368121809090483,0.954495872892817,0.9827804957436324,0.8870080645781939,0.9999999999434824,0.9999999997963704,0.08207906657906065,0.0,0.0,0.0,0.0,0.0,0.0,0.0,0.0,0.0,0.13770377331771091,0.2136974403455333,0.9507836471442492,0.9241194519615696,0.3514869337001529,0.0,0.9946892329124256,0.9232702446299192,1.0,0.0,0.06183355177760658,0.0,1.0,0.0,0.0,0.0,0.2795992466181756,0.9896431949203476,0.8655884740110628,0.0422626735073782,0.7282027308995145,0.8324973306734668,0.9425920066209188,0.2479465417921722,0.9999999998381623,0.9426099130097216,0.9999999999943008,0.4974505297824448,0.07025480795514018,0.0,0.999005224957316,0.5446806538274082,0.8393971027758287,0.9829014239135168,0.8808440693357313,0.0,1.0,0.0,0.0,0.0,1.0,0.0,1.0,0.0,0.0,0.0,0.0,0.0,0.0,0.0,0.07435383065479519,0.0,0.0,0.5540095045983021,0.02033348643526065,0.18479044868359149,0.5277982283856367,0.0,0.37044055550065824,0.8619608830654043,0.532626544854027,0.9999999998155124,0.05321257662286827,0.0,0.3785043642174059,0.0,0.0,0.0,0.0,0.0,0.0,0.0,0.2318243535379949,0.0,0.6854717554026484,0.9999999999800788,0.7502770610166168,0.7692476121450691,1.0000000000553941,0.7482357051247911,0.16662946510961876,0.9999999999084564,0.9999999998168176,1.0000000002738838,0.6622914602346148,0.9560887070431764,0.9999999999271314,0.9999999999667882,1.000000000062412,0.7211376724718109,0.9999999999273564,0.9215018489345316,0.0,0.0,0.5437077151719513,0.7474095725726193,0.4899957351629851,0.0,0.0,0.0,0.0,0.0,0.0,0.0,0.04269598504300797,0.6202090468283964,0.2455246309953197,0.0,0.0,0.0,0.0,0.9348582092686292,1.0000000000500393,0.9999999999256332,0.9618244103469491,0.0,0.0,0.0,0.0,0.0,0.0,0.0,0.0,0.0,0.0,0.0,0.0,0.0,0.0,0.0,0.0,1.0000000001270293,0.9999999999679556,0.9999999998935024,0.9997514683007726,1.0,0.9190545788879154,1.0,1.0,0.99999999991484,0.8789515468050476,0.7445190561227958,0.26658743189713663,1.0,0.8986116646181248,1.0,0.686496981061625,0.6963010801856169,0.8721140147624568,0.7543945746532558,1.0,0.6937672229036955,0.063221277464137,0.0016006397855663481,0.4875155939831231,1.0000000002077207,0.0,0.0,0.0,0.0,0.0,0.0,0.0,0.0,0.0,0.0,0.0,0.419915513520457,0.0,0.015592132905595487,0.0,0.4704230790889853,0.0,0.0,0.0005773033745061215,0.0,0.4100712672841053,1.0000000001864242,0.5340164294376877,0.2820230506033791,0.6706520351320123,0.0,0.7447452377345876,0.0,0.0,0.0,0.0,0.0,0.0,0.0,0.0,0.0,0.0,0.4668995728659557,0.0,0.0,0.0,0.0,0.20674662802056296,0.0,0.0,0.0,0.0,0.0,0.11151991189684524,0.0,0.0,0.0,0.0,0.7836010325163018,0.017008813151832617,0.9518475650167372,1.0,0.9425233190016538
16,0.24218416776205426,1.0,0.15095350143952,0.867254279598788,1.0,1.0,0.02233829099052781,0.0,0.0,0.0,0.0,0.0,0.0,0.0,0.0,0.0,0.0,0.0,0.0,0.0,0.0,0.0,0.0,0.05379616624542277,0.0,0.0,0.0,0.0,0.0,0.0,0.0,0.0,0.0,0.0,0.0,0.0,0.0,0.3053570845814486,0.0,0.0,0.0,0.0,0.019138367009307374,0.0,0.0,0.0,0.06997381366501912,1.0,0.0,1.0,1.0,0.1462460911583537,0.9486793491971012,0.5540517380675462,0.21168649748513546,0.9999999999434824,0.9999999997963704,0.08207906657906065,0.0,0.0,0.0,0.0,0.0,0.0,0.0,0.0,0.0,0.0,0.0,0.0,0.0,0.1558307466237283,0.0,0.2633279696874209,0.5742979830671328,1.0,0.0,0.0,0.0,1.0,0.0,0.0,0.0,0.0,0.0,0.0,0.0,0.0,0.0,0.14650080424418105,0.0,0.0,0.0,0.0,0.0,0.0,0.0,0.32601120185036025,0.0,0.0,0.0,0.5548409772830575,0.0,1.0,0.0,0.0,0.0,1.0,0.0,1.0,0.0,0.0,0.0,0.0,0.0,0.0,0.0,0.0,0.0,0.0,0.0,0.0,0.18479044868359149,0.1286951573461738,0.07440992620401149,0.37044055550065824,0.3993060017686848,0.532626544854027,0.9999999998155124,0.05321257662286827,0.0,0.3785043642174059,0.0,0.0,0.0,0.0,0.0,0.0,0.0,0.0,0.0,0.0,0.0,0.0040613513174544815,0.05428527871597711,0.0,0.0,0.0,0.9999999999084564,0.9999999998168176,1.0000000002738838,0.16040948927158424,0.9560887070431764,0.9999999999271314,0.9999999999667882,1.000000000062412,0.7211376724718109,0.9999999999273564,0.8632579362600502,0.0,0.0,0.5437077151719513,0.7474095725726193,0.4899957351629851,0.0,0.0,0.0,0.0,0.0,0.0,0.0,0.011567089076519559,0.6202090468283964,0.2455246309953197,0.0,0.0,0.0,0.0,0.8589348795380449,0.4012369340370946,0.7951426829507944,0.9616814602441957,0.0,0.0,0.0,0.0,0.0,0.0,0.0,0.0,0.0,0.0,0.0,0.0,0.0,0.0,0.0,0.0,0.992107277835958,0.7952277962690391,0.9999999998935024,0.8388213510956248,1.0,0.297469262493415,1.0,1.0,0.99999999991484,0.0,0.6755181808624839,0.26658743189713663,1.0,0.8838117658540224,1.0,0.1891266963781172,0.6963010801856169,0.18017013999178272,0.0,1.0,0.6781142144986695,0.0,0.0016006397855663481,0.4559421246747905,0.15293748243133135,0.0,0.0,0.0,0.0,0.0,0.0,0.0,0.0,0.0,0.0,0.0,0.0,0.0,0.0,0.0,0.0,0.0,0.0,0.0,0.0,0.0,0.8615104284825766,0.004182537089379857,0.0,0.3480081314253887,0.0,0.12337297641658147,0.0,0.0,0.0,0.0,0.0,0.0,0.0,0.0,0.0,0.0,0.4261639753358938,0.0,0.0,0.0,0.0,0.0,0.0,0.0,0.0,0.0,0.0,0.0,0.0,0.0,0.0,0.0,0.12403140812921087,0.0,0.0,1.0,0.0
17,0.0,1.0,0.0,0.0,1.0,1.0,0.0,0.0,0.0,0.0,0.0,0.0,0.0,0.0,0.0,0.0,0.0,0.0,0.0,0.0,0.0,0.0,0.0,0.0,0.0,0.0,0.0,0.0,0.0,0.0,0.0,0.0,0.0,0.0,0.0,0.0,0.0,0.3053570845814486,0.0,0.0,0.0,0.0,0.0,0.0,0.0,0.0,0.0,1.0,0.0,1.0,1.0,0.0,0.0,0.0,0.0,0.0,0.0,0.0,0.0,0.0,0.0,0.0,0.0,0.0,0.0,0.0,0.0,0.0,0.0,0.0,0.0,0.0,0.0,0.0,0.0,1.0,0.0,0.0,0.0,1.0,0.0,0.0,0.0,0.0,0.0,0.0,0.0,0.0,0.0,0.0,0.0,0.0,0.0,0.0,0.0,0.0,0.0,0.0,0.0,0.0,0.0,0.05277427244826539,0.0,1.0,0.0,0.0,0.0,1.0,0.0,1.0,0.0,0.0,0.0,0.0,0.0,0.0,0.0,0.0,0.0,0.0,0.0,0.0,0.0,0.0496647302192753,0.18810620572108486,0.05749298914489905,0.0,0.0,0.0,0.0,0.0,0.0,0.0,0.0,0.0,0.0,0.0,0.0,0.0,0.0,0.0,0.0,0.0,0.0,0.0,0.0,0.0,0.0,0.9999999999084564,0.9999999998168176,0.9719213906590272,0.0351937119001168,0.9145301564991472,0.9999999999271314,0.9999999999667882,1.000000000062412,0.6320017485010907,0.0,0.0,0.0,0.0,0.0,0.0,0.0,0.0,0.0,0.0,0.0,0.0,0.0,0.0,0.0,0.4282778741776255,0.2266375143352103,0.0,0.0,0.0,0.0,0.0,0.0,0.0,0.0,0.0,0.0,0.0,0.0,0.0,0.0,0.0,0.0,0.0,0.0,0.0,0.0,0.0,0.0,0.0,0.0,0.5288413983845929,0.4429206085691465,0.9999999998935024,0.04850876396902745,1.0,0.0,1.0,1.0,0.0,0.0,0.0,0.0,1.0,0.0,1.0,0.0,0.0,0.029464070860071957,0.0,1.0,0.4249677251013771,0.0,0.0016006397855663481,0.41778750537868864,0.15293748243133135,0.0,0.0,0.0,0.0,0.0,0.0,0.0,0.0,0.0,0.0,0.0,0.0,0.0,0.0,0.0,0.0,0.0,0.0,0.0,0.0,0.0,0.0,0.0,0.0,0.0,0.0,0.0,0.0,0.0,0.0,0.0,0.0,0.0,0.0,0.0,0.0,0.0,0.0,0.0,0.0,0.0,0.0,0.0,0.0,0.0,0.0,0.0,0.0,0.0,0.0,0.0,0.0,0.0,0.0,0.0,0.0,1.0,0.0
18,0.0,1.0,0.0,0.0,1.0,1.0,0.0,0.0,0.0,0.0,0.0,0.0,0.0,0.0,0.0,0.0,0.0,0.0,0.0,0.0,0.0,0.0,0.0,0.0,0.0,0.0,0.0,0.0,0.0,0.0,0.0,0.0,0.0,0.0,0.0,0.0,0.0,0.09680539354170516,0.0,0.0,0.0,0.0,0.0,0.0,0.0,0.0,0.0,1.0,0.0,1.0,1.0,0.0,0.0,0.0,0.0,0.0,0.0,0.0,0.0,0.0,0.0,0.0,0.0,0.0,0.0,0.0,0.0,0.0,0.0,0.0,0.0,0.0,0.0,0.0,0.0,1.0,0.0,0.0,0.0,1.0,0.0,0.0,0.0,0.0,0.0,0.0,0.0,0.0,0.0,0.0,0.0,0.0,0.0,0.0,0.0,0.0,0.0,0.0,0.0,0.0,0.0,0.0,0.0,1.0,0.0,0.0,0.0,1.0,0.0,1.0,0.0,0.0,0.0,0.0,0.0,0.0,0.0,0.0,0.0,0.0,0.0,0.0,0.0,0.0496647302192753,0.18810620572108486,0.0,0.0,0.0,0.0,0.0,0.0,0.0,0.0,0.0,0.0,0.0,0.0,0.0,0.0,0.0,0.0,0.0,0.0,0.0,0.0,0.0,0.0,0.0,0.9293956649373156,0.5278346660699114,0.9719213906590272,0.0,0.7685433709967427,0.9943415251994872,0.9382515365749609,0.14128336659330068,0.062274566786779215,0.0,0.0,0.0,0.0,0.0,0.0,0.0,0.0,0.0,0.0,0.0,0.0,0.0,0.0,0.0,0.11143107567612716,0.06642649947892286,0.0,0.0,0.0,0.0,0.0,0.0,0.0,0.0,0.0,0.0,0.0,0.0,0.0,0.0,0.0,0.0,0.0,0.0,0.0,0.0,0.0,0.0,0.0,0.0,0.1525018363998479,0.0,0.8109593137261127,0.04326061492093635,1.0,0.0,1.0,1.0,0.0,0.0,0.0,0.0,1.0,0.0,1.0,0.0,0.0,0.0,0.0,1.0,0.09788038203108466,0.0,0.0,0.4069259591307336,0.15293748243133135,0.0,0.0,0.0,0.0,0.0,0.0,0.0,0.0,0.0,0.0,0.0,0.0,0.0,0.0,0.0,0.0,0.0,0.0,0.0,0.0,0.0,0.0,0.0,0.0,0.0,0.0,0.0,0.0,0.0,0.0,0.0,0.0,0.0,0.0,0.0,0.0,0.0,0.0,0.0,0.0,0.0,0.0,0.0,0.0,0.0,0.0,0.0,0.0,0.0,0.0,0.0,0.0,0.0,0.0,0.0,0.0,1.0,0.0
19,0.0,1.0,0.0,0.0,1.0,1.0,0.0,0.0,0.0,0.0,0.0,0.0,0.0,0.0,0.0,0.0,0.0,0.0,0.0,0.0,0.0,0.0,0.0,0.0,0.0,0.0,0.0,0.0,0.0,0.0,0.0,0.0,0.0,0.0,0.0,0.0,0.0,0.0,0.0,0.0,0.0,0.0,0.0,0.0,0.0,0.0,0.0,1.0,0.0,1.0,1.0,0.0,0.0,0.0,0.0,0.0,0.0,0.0,0.0,0.0,0.0,0.0,0.0,0.0,0.0,0.0,0.0,0.0,0.0,0.0,0.0,0.0,0.0,0.0,0.0,1.0,0.0,0.0,0.0,1.0,0.0,0.0,0.0,0.0,0.0,0.0,0.0,0.0,0.0,0.0,0.0,0.0,0.0,0.0,0.0,0.0,0.0,0.0,0.0,0.0,0.0,0.0,0.0,1.0,0.0,0.0,0.0,1.0,0.0,1.0,0.0,0.0,0.0,0.0,0.0,0.0,0.0,0.0,0.0,0.0,0.0,0.0,0.0,0.0,0.18810620572108486,0.0,0.0,0.0,0.0,0.0,0.0,0.0,0.0,0.0,0.0,0.0,0.0,0.0,0.0,0.0,0.0,0.0,0.0,0.0,0.0,0.0,0.0,0.0,0.0,0.0,0.0,0.0,0.0,0.0,0.0,0.0,0.0,0.0,0.0,0.0,0.0,0.0,0.0,0.0,0.0,0.0,0.0,0.0,0.0,0.0,0.0,0.0,0.0,0.0,0.0,0.0,0.0,0.0,0.0,0.0,0.0,0.0,0.0,0.0,0.0,0.0,0.0,0.0,0.0,0.0,0.0,0.0,0.0,0.0,0.0,0.0,0.0,0.0,0.0,0.0,0.0,0.0,1.0,0.0,1.0,1.0,0.0,0.0,0.0,0.0,1.0,0.0,1.0,0.0,0.0,0.0,0.0,1.0,0.0,0.0,0.0,0.2343584848810109,0.0,0.0,0.0,0.0,0.0,0.0,0.0,0.0,0.0,0.0,0.0,0.0,0.0,0.0,0.0,0.0,0.0,0.0,0.0,0.0,0.0,0.0,0.0,0.0,0.0,0.0,0.0,0.0,0.0,0.0,0.0,0.0,0.0,0.0,0.0,0.0,0.0,0.0,0.0,0.0,0.0,0.0,0.0,0.0,0.0,0.0,0.0,0.0,0.0,0.0,0.0,0.0,0.0,0.0,0.0,0.0,0.0,1.0,0.0
20,0.0,1.0,0.0,0.0,1.0,1.0,0.0,0.0,0.0,0.0,0.0,0.0,0.0,0.0,0.0,0.0,0.0,0.0,0.0,0.0,0.0,0.0,0.0,0.0,0.0,0.0,0.0,0.0,0.0,0.0,0.0,0.0,0.0,0.0,0.0,0.0,0.0,0.0,0.0,0.0,0.0,0.0,0.0,0.0,0.0,0.0,0.0,1.0,0.0,1.0,1.0,0.0,0.0,0.0,0.0,0.0,0.0,0.0,0.0,0.0,0.0,0.0,0.0,0.0,0.0,0.0,0.0,0.0,0.0,0.0,0.0,0.0,0.0,0.0,0.0,1.0,0.0,0.0,0.0,1.0,0.0,0.0,0.0,0.0,0.0,0.0,0.0,0.0,0.0,0.0,0.0,0.0,0.0,0.0,0.0,0.0,0.0,0.0,0.0,0.0,0.0,0.0,0.0,1.0,0.0,0.0,0.0,1.0,0.0,1.0,0.0,0.0,0.0,0.0,0.0,0.0,0.0,0.0,0.0,0.0,0.0,0.0,0.0,0.0,0.1136962795170734,0.0,0.0,0.0,0.0,0.0,0.0,0.0,0.0,0.0,0.0,0.0,0.0,0.0,0.0,0.0,0.0,0.0,0.0,0.0,0.0,0.0,0.0,0.0,0.0,0.0,0.0,0.0,0.0,0.0,0.0,0.0,0.0,0.0,0.0,0.0,0.0,0.0,0.0,0.0,0.0,0.0,0.0,0.0,0.0,0.0,0.0,0.0,0.0,0.0,0.0,0.0,0.0,0.0,0.0,0.0,0.0,0.0,0.0,0.0,0.0,0.0,0.0,0.0,0.0,0.0,0.0,0.0,0.0,0.0,0.0,0.0,0.0,0.0,0.0,0.0,0.0,0.0,1.0,0.0,1.0,1.0,0.0,0.0,0.0,0.0,1.0,0.0,1.0,0.0,0.0,0.0,0.0,1.0,0.0,0.0,0.0,0.0,0.0,0.0,0.0,0.0,0.0,0.0,0.0,0.0,0.0,0.0,0.0,0.0,0.0,0.0,0.0,0.0,0.0,0.0,0.0,0.0,0.0,0.0,0.0,0.0,0.0,0.0,0.0,0.0,0.0,0.0,0.0,0.0,0.0,0.0,0.0,0.0,0.0,0.0,0.0,0.0,0.0,0.0,0.0,0.0,0.0,0.0,0.0,0.0,0.0,0.0,0.0,0.0,0.0,0.0,0.0,0.0,0.0,1.0,0.0
21,0.0,1.0,0.0,0.0,1.0,1.0,0.0,0.0,0.0,0.0,0.0,0.0,0.0,0.0,0.0,0.0,0.0,0.0,0.0,0.0,0.0,0.0,0.0,0.0,0.0,0.0,0.0,0.0,0.0,0.0,0.0,0.0,0.0,0.0,0.0,0.0,0.0,0.0,0.0,0.0,0.0,0.0,0.0,0.0,0.0,0.0,0.0,1.0,0.0,1.0,1.0,0.0,0.0,0.0,0.0,0.0,0.0,0.0,0.0,0.0,0.0,0.0,0.0,0.0,0.0,0.0,0.0,0.0,0.0,0.0,0.0,0.0,0.0,0.0,0.0,1.0,0.0,0.0,0.0,1.0,0.0,0.0,0.0,0.0,0.0,0.0,0.0,0.0,0.0,0.0,0.0,0.0,0.0,0.0,0.0,0.0,0.0,0.0,0.0,0.0,0.0,0.0,0.0,1.0,0.0,0.0,0.0,1.0,0.0,1.0,0.0,0.0,0.0,0.0,0.0,0.0,0.0,0.0,0.0,0.0,0.0,0.0,0.0,0.0,0.0,0.0,0.0,0.0,0.0,0.0,0.0,0.0,0.0,0.0,0.0,0.0,0.0,0.0,0.0,0.0,0.0,0.0,0.0,0.0,0.0,0.0,0.0,0.0,0.0,0.0,0.0,0.0,0.0,0.0,0.0,0.0,0.0,0.0,0.0,0.0,0.0,0.0,0.0,0.0,0.0,0.0,0.0,0.0,0.0,0.0,0.0,0.0,0.0,0.0,0.0,0.0,0.0,0.0,0.0,0.0,0.0,0.0,0.0,0.0,0.0,0.0,0.0,0.0,0.0,0.0,0.0,0.0,0.0,0.0,0.0,0.0,0.0,0.0,0.0,0.0,0.0,0.0,1.0,0.0,1.0,1.0,0.0,0.0,0.0,0.0,1.0,0.0,1.0,0.0,0.0,0.0,0.0,1.0,0.0,0.0,0.0,0.0,0.0,0.0,0.0,0.0,0.0,0.0,0.0,0.0,0.0,0.0,0.0,0.0,0.0,0.0,0.0,0.0,0.0,0.0,0.0,0.0,0.0,0.0,0.0,0.0,0.0,0.0,0.0,0.0,0.0,0.0,0.0,0.0,0.0,0.0,0.0,0.0,0.0,0.0,0.0,0.0,0.0,0.0,0.0,0.0,0.0,0.0,0.0,0.0,0.0,0.0,0.0,0.0,0.0,0.0,0.0,0.0,0.0,1.0,0.0
22,0.0,1.0,0.0,0.0,1.0,1.0,0.0,0.0,0.0,0.0,0.0,0.0,0.0,0.0,0.0,0.0,0.0,0.0,0.0,0.0,0.0,0.0,0.0,0.0,0.0,0.0,0.0,0.0,0.0,0.0,0.0,0.0,0.0,0.0,0.0,0.0,0.0,0.0,0.0,0.0,0.0,0.0,0.0,0.0,0.0,0.0,0.0,1.0,0.0,1.0,1.0,0.0,0.0,0.0,0.0,0.0,0.0,0.0,0.0,0.0,0.0,0.0,0.0,0.0,0.0,0.0,0.0,0.0,0.0,0.0,0.0,0.0,0.0,0.0,0.0,1.0,0.0,0.0,0.0,1.0,0.0,0.0,0.0,0.0,0.0,0.0,0.0,0.0,0.0,0.0,0.0,0.0,0.0,0.0,0.0,0.0,0.0,0.0,0.0,0.0,0.0,0.0,0.0,1.0,0.0,0.0,0.0,1.0,0.0,1.0,0.0,0.0,0.0,0.0,0.0,0.0,0.0,0.0,0.0,0.0,0.0,0.0,0.0,0.0,0.0,0.0,0.0,0.0,0.0,0.0,0.0,0.0,0.0,0.0,0.0,0.0,0.0,0.0,0.0,0.0,0.0,0.0,0.0,0.0,0.0,0.0,0.0,0.0,0.0,0.0,0.0,0.0,0.0,0.0,0.0,0.0,0.0,0.0,0.0,0.0,0.0,0.0,0.0,0.0,0.0,0.0,0.0,0.0,0.0,0.0,0.0,0.0,0.0,0.0,0.0,0.0,0.0,0.0,0.0,0.0,0.0,0.0,0.0,0.0,0.0,0.0,0.0,0.0,0.0,0.0,0.0,0.0,0.0,0.0,0.0,0.0,0.0,0.0,0.0,0.0,0.0,0.0,1.0,0.0,1.0,1.0,0.0,0.0,0.0,0.0,1.0,0.0,1.0,0.0,0.0,0.0,0.0,1.0,0.0,0.0,0.0,0.0,0.0,0.0,0.0,0.0,0.0,0.0,0.0,0.0,0.0,0.0,0.0,0.0,0.0,0.0,0.0,0.0,0.0,0.0,0.0,0.0,0.0,0.0,0.0,0.0,0.0,0.0,0.0,0.0,0.0,0.0,0.0,0.0,0.0,0.0,0.0,0.0,0.0,0.0,0.0,0.0,0.0,0.0,0.0,0.0,0.0,0.0,0.0,0.0,0.0,0.0,0.0,0.0,0.0,0.0,0.0,0.0,0.0,1.0,0.0
23,0.0,1.0,0.0,0.0,1.0,1.0,0.0,0.0,0.0,0.0,0.0,0.0,0.0,0.0,0.0,0.0,0.0,0.0,0.0,0.0,0.0,0.0,0.0,0.0,0.0,0.0,0.0,0.0,0.0,0.0,0.0,0.0,0.0,0.0,0.0,0.0,0.0,0.0,0.0,0.0,0.0,0.0,0.0,0.0,0.0,0.0,0.0,1.0,0.0,1.0,1.0,0.0,0.0,0.0,0.0,0.0,0.0,0.0,0.0,0.0,0.0,0.0,0.0,0.0,0.0,0.0,0.0,0.0,0.0,0.0,0.0,0.0,0.0,0.0,0.0,1.0,0.0,0.0,0.0,1.0,0.0,0.0,0.0,0.0,0.0,0.0,0.0,0.0,0.0,0.0,0.0,0.0,0.0,0.0,0.0,0.0,0.0,0.0,0.0,0.0,0.0,0.0,0.0,1.0,0.0,0.0,0.0,1.0,0.0,1.0,0.0,0.0,0.0,0.0,0.0,0.0,0.0,0.0,0.0,0.0,0.0,0.0,0.0,0.0,0.0,0.0,0.0,0.0,0.0,0.0,0.0,0.0,0.0,0.0,0.0,0.0,0.0,0.0,0.0,0.0,0.0,0.0,0.0,0.0,0.0,0.0,0.0,0.0,0.0,0.0,0.0,0.0,0.0,0.0,0.0,0.0,0.0,0.0,0.0,0.0,0.0,0.0,0.0,0.0,0.0,0.0,0.0,0.0,0.0,0.0,0.0,0.0,0.0,0.0,0.0,0.0,0.0,0.0,0.0,0.0,0.0,0.0,0.0,0.0,0.0,0.0,0.0,0.0,0.0,0.0,0.0,0.0,0.0,0.0,0.0,0.0,0.0,0.0,0.0,0.0,0.0,0.0,1.0,0.0,1.0,1.0,0.0,0.0,0.0,0.0,1.0,0.0,1.0,0.0,0.0,0.0,0.0,1.0,0.0,0.0,0.0,0.0,0.0,0.0,0.0,0.0,0.0,0.0,0.0,0.0,0.0,0.0,0.0,0.0,0.0,0.0,0.0,0.0,0.0,0.0,0.0,0.0,0.0,0.0,0.0,0.0,0.0,0.0,0.0,0.0,0.0,0.0,0.0,0.0,0.0,0.0,0.0,0.0,0.0,0.0,0.0,0.0,0.0,0.0,0.0,0.0,0.0,0.0,0.0,0.0,0.0,0.0,0.0,0.0,0.0,0.0,0.0,0.0,0.0,1.0,0.0
0,0.0,1.0,0.0,0.0,1.0,1.0,0.0,0.0,0.0,0.0,0.0,0.0,0.0,0.0,0.0,0.0,0.0,0.0,0.0,0.0,0.0,0.0,0.0,0.0,0.0,0.0,0.0,0.0,0.0,0.0,0.0,0.0,0.0,0.0,0.0,0.0,0.0,0.0,0.0,0.0,0.0,0.0,0.0,0.0,0.0,0.0,0.0,1.0,0.0,1.0,1.0,0.0,0.0,0.0,0.0,0.0,0.0,0.0,0.0,0.0,0.0,0.0,0.0,0.0,0.0,0.0,0.0,0.0,0.0,0.0,0.0,0.0,0.0,0.0,0.0,1.0,0.0,0.0,0.0,1.0,0.0,0.0,0.0,0.0,0.0,0.0,0.0,0.0,0.0,0.0,0.0,0.0,0.0,0.0,0.0,0.0,0.0,0.0,0.0,0.0,0.0,0.0,0.0,1.0,0.0,0.0,0.0,1.0,0.0,1.0,0.0,0.0,0.0,0.0,0.0,0.0,0.0,0.0,0.0,0.0,0.0,0.0,0.0,0.0,0.0,0.0,0.0,0.0,0.0,0.0,0.0,0.0,0.0,0.0,0.0,0.0,0.0,0.0,0.0,0.0,0.0,0.0,0.0,0.0,0.0,0.0,0.0,0.0,0.0,0.0,0.0,0.0,0.0,0.0,0.0,0.0,0.0,0.0,0.0,0.0,0.0,0.0,0.0,0.0,0.0,0.0,0.0,0.0,0.0,0.0,0.0,0.0,0.0,0.0,0.0,0.0,0.0,0.0,0.0,0.0,0.0,0.0,0.0,0.0,0.0,0.0,0.0,0.0,0.0,0.0,0.0,0.0,0.0,0.0,0.0,0.0,0.0,0.0,0.0,0.0,0.0,0.0,1.0,0.0,1.0,1.0,0.0,0.0,0.0,0.0,1.0,0.0,1.0,0.0,0.0,0.0,0.0,1.0,0.0,0.0,0.0,0.0,0.0,0.0,0.0,0.0,0.0,0.0,0.0,0.0,0.0,0.0,0.0,0.0,0.0,0.0,0.0,0.0,0.0,0.0,0.0,0.0,0.0,0.0,0.0,0.0,0.0,0.0,0.0,0.0,0.0,0.0,0.0,0.0,0.0,0.0,0.0,0.0,0.0,0.0,0.0,0.0,0.0,0.0,0.0,0.0,0.0,0.0,0.0,0.0,0.0,0.0,0.0,0.0,0.0,0.0,0.0,0.0,0.0,1.0,0.0
1,0.0,1.0,0.0,0.0,1.0,1.0,0.0,0.0,0.0,0.0,0.0,0.0,0.0,0.0,0.0,0.0,0.0,0.0,0.0,0.0,0.0,0.0,0.0,0.0,0.0,0.0,0.0,0.0,0.0,0.0,0.0,0.0,0.0,0.0,0.0,0.0,0.0,0.0,0.0,0.0,0.0,0.0,0.0,0.0,0.0,0.0,0.0,1.0,0.0,1.0,1.0,0.0,0.0,0.0,0.0,0.0,0.0,0.0,0.0,0.0,0.0,0.0,0.0,0.0,0.0,0.0,0.0,0.0,0.0,0.0,0.0,0.0,0.0,0.0,0.0,1.0,0.0,0.0,0.0,1.0,0.0,0.0,0.0,0.0,0.0,0.0,0.0,0.0,0.0,0.0,0.0,0.0,0.0,0.0,0.0,0.0,0.0,0.0,0.0,0.0,0.0,0.0,0.0,1.0,0.0,0.0,0.0,1.0,0.0,1.0,0.0,0.0,0.0,0.0,0.0,0.0,0.0,0.0,0.0,0.0,0.0,0.0,0.0,0.0,0.0,0.0,0.0,0.0,0.0,0.0,0.0,0.0,0.0,0.0,0.0,0.0,0.0,0.0,0.0,0.0,0.0,0.0,0.0,0.0,0.0,0.0,0.0,0.0,0.0,0.0,0.0,0.0,0.0,0.0,0.0,0.0,0.0,0.0,0.0,0.0,0.0,0.0,0.0,0.0,0.0,0.0,0.0,0.0,0.0,0.0,0.0,0.0,0.0,0.0,0.0,0.0,0.0,0.0,0.0,0.0,0.0,0.0,0.0,0.0,0.0,0.0,0.0,0.0,0.0,0.0,0.0,0.0,0.0,0.0,0.0,0.0,0.0,0.0,0.0,0.0,0.0,0.0,1.0,0.0,1.0,1.0,0.0,0.0,0.0,0.0,1.0,0.0,1.0,0.0,0.0,0.0,0.0,1.0,0.0,0.0,0.0,0.0,0.0,0.0,0.0,0.0,0.0,0.0,0.0,0.0,0.0,0.0,0.0,0.0,0.0,0.0,0.0,0.0,0.0,0.0,0.0,0.0,0.0,0.0,0.0,0.0,0.0,0.0,0.0,0.0,0.0,0.0,0.0,0.0,0.0,0.0,0.0,0.0,0.0,0.0,0.0,0.0,0.0,0.0,0.0,0.0,0.0,0.0,0.0,0.0,0.0,0.0,0.0,0.0,0.0,0.0,0.0,0.0,0.0,1.0,0.0
2,0.0,1.0,0.0,0.0,1.0,1.0,0.0,0.0,0.0,0.0,0.0,0.0,0.0,0.0,0.0,0.0,0.0,0.0,0.0,0.0,0.0,0.0,0.0,0.0,0.0,0.0,0.0,0.0,0.0,0.0,0.0,0.0,0.0,0.0,0.0,0.0,0.0,0.0,0.0,0.0,0.0,0.0,0.0,0.0,0.0,0.0,0.0,1.0,0.0,1.0,1.0,0.0,0.0,0.0,0.0,0.0,0.0,0.0,0.0,0.0,0.0,0.0,0.0,0.0,0.0,0.0,0.0,0.0,0.0,0.0,0.0,0.0,0.0,0.0,0.0,1.0,0.0,0.0,0.0,1.0,0.0,0.0,0.0,0.0,0.0,0.0,0.0,0.0,0.0,0.0,0.0,0.0,0.0,0.0,0.0,0.0,0.0,0.0,0.0,0.0,0.0,0.0,0.0,1.0,0.0,0.0,0.0,1.0,0.0,1.0,0.0,0.0,0.0,0.0,0.0,0.0,0.0,0.0,0.0,0.0,0.0,0.0,0.0,0.0,0.0,0.0,0.0,0.0,0.0,0.0,0.0,0.0,0.0,0.0,0.0,0.0,0.0,0.0,0.0,0.0,0.0,0.0,0.0,0.0,0.0,0.0,0.0,0.0,0.0,0.0,0.0,0.0,0.0,0.0,0.0,0.0,0.0,0.0,0.0,0.0,0.0,0.0,0.0,0.0,0.0,0.0,0.0,0.0,0.0,0.0,0.0,0.0,0.0,0.0,0.0,0.0,0.0,0.0,0.0,0.0,0.0,0.0,0.0,0.0,0.0,0.0,0.0,0.0,0.0,0.0,0.0,0.0,0.0,0.0,0.0,0.0,0.0,0.0,0.0,0.0,0.0,0.0,1.0,0.0,1.0,1.0,0.0,0.0,0.0,0.0,1.0,0.0,1.0,0.0,0.0,0.0,0.0,1.0,0.0,0.0,0.0,0.0,0.0,0.0,0.0,0.0,0.0,0.0,0.0,0.0,0.0,0.0,0.0,0.0,0.0,0.0,0.0,0.0,0.0,0.0,0.0,0.0,0.0,0.0,0.0,0.0,0.0,0.0,0.0,0.0,0.0,0.0,0.0,0.0,0.0,0.0,0.0,0.0,0.0,0.0,0.0,0.0,0.0,0.0,0.0,0.0,0.0,0.0,0.0,0.0,0.0,0.0,0.0,0.0,0.0,0.0,0.0,0.0,0.0,1.0,0.0
3,0.0,1.0,0.0,0.0,1.0,1.0,0.0,0.0,0.0,0.0,0.0,0.0,0.0,0.0,0.0,0.0,0.0,0.0,0.0,0.0,0.0,0.0,0.0,0.0,0.0,0.0,0.0,0.0,0.0,0.0,0.0,0.0,0.0,0.0,0.0,0.0,0.0,0.0,0.0,0.0,0.0,0.0,0.0,0.0,0.0,0.0,0.0,1.0,0.0,1.0,1.0,0.0,0.0,0.0,0.0,0.0,0.0,0.0,0.0,0.0,0.0,0.0,0.0,0.0,0.0,0.0,0.0,0.0,0.0,0.0,0.0,0.0,0.0,0.0,0.0,1.0,0.0,0.0,0.0,1.0,0.0,0.0,0.0,0.0,0.0,0.0,0.0,0.0,0.0,0.0,0.0,0.0,0.0,0.0,0.0,0.0,0.0,0.0,0.0,0.0,0.0,0.0,0.0,1.0,0.0,0.0,0.0,1.0,0.0,1.0,0.0,0.0,0.0,0.0,0.0,0.0,0.0,0.0,0.0,0.0,0.0,0.0,0.0,0.0,0.0,0.0,0.0,0.0,0.0,0.0,0.0,0.0,0.0,0.0,0.0,0.0,0.0,0.0,0.0,0.0,0.0,0.0,0.0,0.0,0.0,0.0,0.0,0.0,0.0,0.0,0.0,0.0,0.0,0.0,0.0,0.0,0.0,0.0,0.0,0.0,0.0,0.0,0.0,0.0,0.0,0.0,0.0,0.0,0.0,0.0,0.0,0.0,0.0,0.0,0.0,0.0,0.0,0.0,0.0,0.0,0.0,0.0,0.0,0.0,0.0,0.0,0.0,0.0,0.0,0.0,0.0,0.0,0.0,0.0,0.0,0.0,0.0,0.0,0.0,0.0,0.0,0.0,1.0,0.0,1.0,1.0,0.0,0.0,0.0,0.0,1.0,0.0,1.0,0.0,0.0,0.0,0.0,1.0,0.0,0.0,0.0,0.0,0.0,0.0,0.0,0.0,0.0,0.0,0.0,0.0,0.0,0.0,0.0,0.0,0.0,0.0,0.0,0.0,0.0,0.0,0.0,0.0,0.0,0.0,0.0,0.0,0.0,0.0,0.0,0.0,0.0,0.0,0.0,0.0,0.0,0.0,0.0,0.0,0.0,0.0,0.0,0.0,0.0,0.0,0.0,0.0,0.0,0.0,0.0,0.0,0.0,0.0,0.0,0.0,0.0,0.0,0.0,0.0,0.0,1.0,0.0
4,0.0,1.0,0.0,0.0,1.0,1.0,0.0,0.0,0.0,0.0,0.0,0.0,0.0,0.0,0.0,0.0,0.0,0.0,0.0,0.0,0.0,0.0,0.0,0.0,0.0,0.0,0.0,0.0,0.0,0.0,0.0,0.0,0.0,0.0,0.0,0.0,0.0,0.0,0.0,0.0,0.0,0.0,0.0,0.0,0.0,0.0,0.0,1.0,0.0,1.0,1.0,0.0,0.0,0.0,0.0,0.0,0.0,0.0,0.0,0.0,0.0,0.0,0.0,0.0,0.0,0.0,0.0,0.0,0.0,0.0,0.0,0.0,0.0,0.0,0.0,1.0,0.0,0.0,0.0,1.0,0.0,0.0,0.0,0.0,0.0,0.0,0.0,0.0,0.0,0.0,0.0,0.0,0.0,0.0,0.0,0.0,0.0,0.0,0.0,0.0,0.0,0.0,0.0,1.0,0.0,0.0,0.0,1.0,0.0,1.0,0.0,0.0,0.0,0.0,0.0,0.0,0.0,0.0,0.0,0.0,0.0,0.0,0.0,0.0,0.0,0.0,0.0,0.0,0.0,0.0,0.0,0.0,0.0,0.0,0.0,0.0,0.0,0.0,0.0,0.0,0.0,0.0,0.0,0.0,0.0,0.0,0.0,0.0,0.0,0.0,0.0,0.0,0.0,0.0,0.0,0.0,0.0,0.0,0.0,0.0,0.0,0.0,0.0,0.0,0.0,0.0,0.0,0.0,0.0,0.0,0.0,0.0,0.0,0.0,0.0,0.0,0.0,0.0,0.0,0.0,0.0,0.0,0.0,0.0,0.0,0.0,0.0,0.0,0.0,0.0,0.0,0.0,0.0,0.0,0.0,0.0,0.0,0.0,0.0,0.0,0.0,0.0,1.0,0.0,1.0,1.0,0.0,0.0,0.0,0.0,1.0,0.0,1.0,0.0,0.0,0.0,0.0,1.0,0.0,0.0,0.0,0.0,0.0,0.0,0.0,0.0,0.0,0.0,0.0,0.0,0.0,0.0,0.0,0.0,0.0,0.0,0.0,0.0,0.0,0.0,0.0,0.0,0.0,0.0,0.0,0.0,0.0,0.0,0.0,0.0,0.0,0.0,0.0,0.0,0.0,0.0,0.0,0.0,0.0,0.0,0.0,0.0,0.0,0.0,0.0,0.0,0.0,0.0,0.0,0.0,0.0,0.0,0.0,0.0,0.0,0.0,0.0,0.0,0.0,1.0,0.0
5,0.0,1.0,0.0,0.0,1.0,1.0,0.0,0.0,0.0,0.0,0.0,0.0,0.0,0.0,0.0,0.0,0.0,0.0,0.0,0.0,0.0,0.0,0.0,0.0,0.0,0.0,0.0,0.0,0.0,0.0,0.0,0.0,0.0,0.0,0.0,0.0,0.0,0.0,0.0,0.0,0.0,0.0,0.0,0.0,0.0,0.0,0.0,1.0,0.0,1.0,1.0,0.0,0.0,0.0,0.0,0.0,0.0,0.0,0.0,0.0,0.0,0.0,0.0,0.0,0.0,0.0,0.0,0.0,0.0,0.0,0.0,0.0,0.0,0.0,0.0,1.0,0.0,0.0,0.0,1.0,0.0,0.0,0.0,0.0,0.0,0.0,0.0,0.0,0.0,0.0,0.0,0.0,0.0,0.0,0.0,0.0,0.0,0.0,0.0,0.0,0.0,0.0,0.0,1.0,0.0,0.0,0.0,1.0,0.0,1.0,0.0,0.0,0.0,0.0,0.0,0.0,0.0,0.0,0.0,0.0,0.0,0.0,0.0,0.0,0.0,0.0,0.0,0.0,0.0,0.0,0.0,0.0,0.0,0.0,0.0,0.0,0.0,0.0,0.0,0.0,0.0,0.0,0.0,0.0,0.0,0.0,0.0,0.0,0.0,0.0,0.0,0.0,0.0,0.0,0.0,0.0,0.0,0.0,0.0,0.0,0.0,0.0,0.0,0.0,0.0,0.0,0.0,0.0,0.0,0.0,0.0,0.0,0.0,0.0,0.0,0.0,0.0,0.0,0.0,0.0,0.0,0.0,0.0,0.0,0.0,0.0,0.0,0.0,0.0,0.0,0.0,0.0,0.0,0.0,0.0,0.0,0.0,0.0,0.0,0.0,0.0,0.0,1.0,0.0,1.0,1.0,0.0,0.0,0.0,0.0,1.0,0.0,1.0,0.0,0.0,0.0,0.0,1.0,0.0,0.0,0.0,0.0,0.0,0.0,0.0,0.0,0.0,0.0,0.0,0.0,0.0,0.0,0.0,0.0,0.0,0.0,0.0,0.0,0.0,0.0,0.0,0.0,0.0,0.0,0.0,0.0,0.0,0.0,0.0,0.0,0.0,0.0,0.0,0.0,0.0,0.0,0.0,0.0,0.0,0.0,0.0,0.0,0.0,0.0,0.0,0.0,0.0,0.0,0.0,0.0,0.0,0.0,0.0,0.0,0.0,0.0,0.0,0.0,0.0,1.0,0.0
6,0.0,1.0,0.0,0.0,1.0,1.0,0.0,0.0,0.0,0.0,0.0,0.0,0.0,0.0,0.0,0.0,0.0,0.0,0.0,0.0,0.0,0.0,0.0,0.0,0.0,0.0,0.0,0.0,0.0,0.0,0.0,0.0,0.0,0.0,0.0,0.0,0.0,0.0,0.0,0.0,0.0,0.0,0.0,0.0,0.0,0.0,0.0,1.0,0.0,1.0,1.0,0.0,0.0,0.0,0.0,0.0,0.0,0.0,0.0,0.0,0.0,0.0,0.0,0.0,0.0,0.0,0.0,0.0,0.0,0.0,0.0,0.0,0.0,0.0,0.0,1.0,0.0,0.0,0.0,1.0,0.0,0.0,0.0,0.0,0.0,0.0,0.0,0.0,0.0,0.0,0.0,0.0,0.0,0.0,0.0,0.0,0.0,0.0,0.0,0.0,0.0,0.0,0.0,1.0,0.0,0.0,0.0,1.0,0.0,1.0,0.0,0.0,0.0,0.0,0.0,0.0,0.0,0.0,0.0,0.0,0.0,0.0,0.0,0.0,0.0,0.0,0.0,0.0,0.0,0.0,0.0,0.0,0.0,0.0,0.0,0.0,0.0,0.0,0.0,0.0,0.0,0.0,0.0,0.0,0.0,0.0,0.0,0.0,0.0,0.0,0.0,0.0,0.0,0.0,0.0,0.0,0.0,0.0,0.0,0.0,0.0,0.0,0.0,0.0,0.0,0.0,0.0,0.0,0.0,0.0,0.0,0.0,0.0,0.0,0.0,0.0,0.0,0.0,0.0,0.0,0.0,0.0,0.0,0.0,0.0,0.0,0.0,0.0,0.0,0.0,0.0,0.0,0.0,0.0,0.0,0.0,0.0,0.0,0.0,0.0,0.0,0.0,1.0,0.0,1.0,1.0,0.0,0.0,0.0,0.0,1.0,0.0,1.0,0.0,0.0,0.0,0.0,1.0,0.0,0.0,0.0,0.0,0.0,0.0,0.0,0.0,0.0,0.0,0.0,0.0,0.0,0.0,0.0,0.0,0.0,0.0,0.0,0.0,0.0,0.0,0.0,0.0,0.0,0.0,0.0,0.0,0.0,0.0,0.0,0.0,0.0,0.0,0.0,0.0,0.0,0.0,0.0,0.0,0.0,0.0,0.0,0.0,0.0,0.0,0.0,0.0,0.0,0.0,0.0,0.0,0.0,0.0,0.0,0.0,0.0,0.0,0.0,0.0,0.0,1.0,0.0
7,0.0,1.0,0.0,0.0,1.0,1.0,0.0,0.0,0.0,0.0,0.0,0.0,0.0,0.0,0.0,0.0,0.0,0.0,0.0,0.0,0.0,0.0,0.0,0.0,0.0,0.0,0.0,0.0,0.0,0.0,0.0,0.0,0.0,0.0,0.0,0.0,0.0,0.0,0.0,0.0,0.0,0.0,0.0,0.0,0.0,0.0,0.0,1.0,0.0,1.0,1.0,0.0,0.0,0.0,0.0,0.0,0.0,0.0,0.0,0.0,0.0,0.0,0.0,0.0,0.0,0.0,0.0,0.0,0.0,0.0,0.0,0.0,0.0,0.0,0.0,1.0,0.0,0.0,0.0,1.0,0.0,0.0,0.0,0.0,0.0,0.0,0.0,0.0,0.0,0.0,0.0,0.0,0.0,0.0,0.0,0.0,0.0,0.0,0.0,0.0,0.0,0.0,0.0,1.0,0.0,0.0,0.0,1.0,0.0,1.0,0.0,0.0,0.0,0.0,0.0,0.0,0.0,0.0,0.0,0.0,0.0,0.0,0.0,0.0,0.0,0.0,0.0,0.0,0.0,0.0,0.0,0.0,0.0,0.0,0.0,0.0,0.0,0.0,0.0,0.0,0.0,0.0,0.0,0.0,0.0,0.0,0.0,0.0,0.0,0.0,0.0,0.0,0.0,0.0,0.0,0.0,0.0,0.0,0.0,0.0,0.0,0.0,0.0,0.0,0.0,0.0,0.0,0.0,0.0,0.0,0.0,0.0,0.0,0.0,0.0,0.0,0.0,0.0,0.0,0.0,0.0,0.0,0.0,0.0,0.0,0.0,0.0,0.0,0.0,0.0,0.0,0.0,0.0,0.0,0.0,0.0,0.0,0.0,0.0,0.0,0.0,0.0,1.0,0.0,1.0,1.0,0.0,0.0,0.0,0.0,1.0,0.0,1.0,0.0,0.0,0.0,0.0,1.0,0.0,0.0,0.0,0.0,0.0,0.0,0.0,0.0,0.0,0.0,0.0,0.0,0.0,0.0,0.0,0.0,0.0,0.0,0.0,0.0,0.0,0.0,0.0,0.0,0.0,0.0,0.0,0.0,0.0,0.0,0.0,0.0,0.0,0.0,0.0,0.0,0.0,0.0,0.0,0.0,0.0,0.0,0.0,0.0,0.0,0.0,0.0,0.0,0.0,0.0,0.0,0.0,0.0,0.0,0.0,0.0,0.0,0.0,0.0,0.0,0.0,1.0,0.0
8,0.0,1.0,0.0,0.0,1.0,1.0,0.0,0.0,0.0,0.0,0.0,0.0,0.0,0.0,0.0,0.0,0.0,0.0,0.0,0.0,0.0,0.0,0.0,0.0,0.0,0.0,0.0,0.0,0.0,0.0,0.0,0.0,0.0,0.0,0.0,0.0,0.0,0.0,0.0,0.0,0.0,0.0,0.0,0.0,0.0,0.0,0.0,1.0,0.0,1.0,1.0,0.0,0.0,0.0,0.0,0.0,0.0,0.0,0.0,0.0,0.0,0.0,0.0,0.0,0.0,0.0,0.0,0.0,0.0,0.0,0.0,0.0,0.0,0.0,0.0,1.0,0.0,0.0,0.0,1.0,0.0,0.0,0.0,0.0,0.0,0.0,0.0,0.0,0.0,0.0,0.0,0.0,0.0,0.0,0.0,0.0,0.0,0.0,0.0,0.0,0.0,0.0,0.0,1.0,0.0,0.0,0.0,1.0,0.0,1.0,0.0,0.0,0.0,0.0,0.0,0.0,0.0,0.0,0.0,0.0,0.0,0.0,0.0,0.0,0.0,0.0,0.0,0.0,0.0,0.0,0.0,0.0,0.0,0.0,0.0,0.0,0.0,0.0,0.0,0.0,0.0,0.0,0.0,0.0,0.0,0.0,0.0,0.0,0.0,0.0,0.0,0.0,0.0,0.0,0.0,0.0,0.0,0.0,0.0,0.0,0.0,0.0,0.0,0.0,0.0,0.0,0.0,0.0,0.0,0.0,0.0,0.0,0.0,0.0,0.0,0.0,0.0,0.0,0.0,0.0,0.0,0.0,0.0,0.0,0.0,0.0,0.0,0.0,0.0,0.0,0.0,0.0,0.0,0.0,0.0,0.0,0.0,0.0,0.0,0.0,0.0,0.0,1.0,0.0,1.0,1.0,0.0,0.0,0.0,0.0,1.0,0.0,1.0,0.0,0.0,0.0,0.0,1.0,0.0,0.0,0.0,0.0,0.0,0.0,0.0,0.0,0.0,0.0,0.0,0.0,0.0,0.0,0.0,0.0,0.0,0.0,0.0,0.0,0.0,0.0,0.0,0.0,0.0,0.0,0.0,0.0,0.0,0.0,0.0,0.0,0.0,0.0,0.0,0.0,0.0,0.0,0.0,0.0,0.0,0.0,0.0,0.0,0.0,0.0,0.0,0.0,0.0,0.0,0.0,0.0,0.0,0.0,0.0,0.0,0.0,0.0,0.0,0.0,0.0,1.0,0.0
9,0.0,1.0,0.0,0.0,1.0,1.0,0.0,0.0,0.0,0.0,0.0,0.0,0.0,0.0,0.0,0.0,0.0,0.0,0.0,0.0,0.0,0.0,0.0,0.0,0.0,0.0,0.0,0.0,0.0,0.0,0.0,0.0,0.0,0.0,0.0,0.0,0.0,0.0,0.0,0.0,0.0,0.0,0.0,0.0,0.0,0.0,0.0,1.0,0.0,1.0,1.0,0.0,0.0,0.0,0.0,0.0,0.0,0.0,0.0,0.0,0.0,0.0,0.0,0.0,0.0,0.0,0.0,0.0,0.0,0.0,0.0,0.0,0.0,0.0,0.0,1.0,0.0,0.0,0.0,1.0,0.0,0.0,0.0,0.0,0.0,0.0,0.0,0.0,0.0,0.0,0.0,0.0,0.0,0.0,0.0,0.0,0.0,0.0,0.0,0.0,0.0,0.0,0.0,1.0,0.0,0.0,0.0,1.0,0.0,1.0,0.0,0.0,0.0,0.0,0.0,0.0,0.0,0.0,0.0,0.0,0.0,0.0,0.0,0.0,0.0,0.0,0.0,0.0,0.0,0.0,0.0,0.0,0.0,0.0,0.0,0.0,0.0,0.0,0.0,0.0,0.0,0.0,0.0,0.0,0.0,0.0,0.0,0.0,0.0,0.0,0.0,0.0,0.0,0.0,0.0,0.0,0.0,0.0,0.0,0.0,0.0,0.0,0.0,0.0,0.0,0.0,0.0,0.0,0.0,0.0,0.0,0.0,0.0,0.0,0.0,0.0,0.0,0.0,0.0,0.0,0.0,0.0,0.0,0.0,0.0,0.0,0.0,0.0,0.0,0.0,0.0,0.0,0.0,0.0,0.0,0.0,0.0,0.0,0.0,0.0,0.0,0.0,1.0,0.0,1.0,1.0,0.0,0.0,0.0,0.0,1.0,0.0,1.0,0.0,0.0,0.0,0.0,1.0,0.0,0.0,0.0,0.0,0.0,0.0,0.0,0.0,0.0,0.0,0.0,0.0,0.0,0.0,0.0,0.0,0.0,0.0,0.0,0.0,0.0,0.0,0.0,0.0,0.0,0.0,0.0,0.0,0.0,0.0,0.0,0.0,0.0,0.0,0.0,0.0,0.0,0.0,0.0,0.0,0.0,0.0,0.0,0.0,0.0,0.0,0.0,0.0,0.0,0.0,0.0,0.0,0.0,0.0,0.0,0.0,0.0,0.0,0.0,0.0,0.0,1.0,0.0
10,0.0,1.0,0.0,0.0,1.0,1.0,0.0,0.0,0.0,0.0,0.0,0.0,0.0,0.0,0.0,0.0,0.0,0.0,0.0,0.0,0.0,0.0,0.0,0.0,0.0,0.0,0.0,0.0,0.0,0.0,0.0,0.0,0.0,0.0,0.0,0.0,0.0,0.0,0.0,0.0,0.0,0.0,0.0,0.0,0.0,0.0,0.0,1.0,0.0,1.0,1.0,0.0,0.0,0.0,0.0,0.0,0.0,0.0,0.0,0.0,0.0,0.0,0.0,0.0,0.0,0.0,0.0,0.0,0.0,0.0,0.0,0.0,0.0,0.0,0.0,1.0,0.0,0.0,0.0,1.0,0.0,0.0,0.0,0.0,0.0,0.0,0.0,0.0,0.0,0.0,0.0,0.0,0.0,0.0,0.0,0.0,0.0,0.0,0.0,0.0,0.0,0.0,0.0,1.0,0.0,0.0,0.0,1.0,0.0,1.0,0.0,0.0,0.0,0.0,0.0,0.0,0.0,0.0,0.0,0.0,0.0,0.0,0.0,0.0,0.0,0.0,0.0,0.0,0.0,0.0,0.0,0.0,0.0,0.0,0.0,0.0,0.0,0.0,0.0,0.0,0.0,0.0,0.0,0.0,0.0,0.0,0.0,0.0,0.0,0.0,0.0,0.0,0.0,0.0,0.0,0.0,0.0,0.0,0.0,0.0,0.0,0.0,0.0,0.0,0.0,0.0,0.0,0.0,0.0,0.0,0.0,0.0,0.0,0.0,0.0,0.0,0.0,0.0,0.0,0.0,0.0,0.0,0.0,0.0,0.0,0.0,0.0,0.0,0.0,0.0,0.0,0.0,0.0,0.0,0.0,0.0,0.0,0.0,0.0,0.0,0.0,0.0,1.0,0.0,1.0,1.0,0.0,0.0,0.0,0.0,1.0,0.0,1.0,0.0,0.0,0.0,0.0,1.0,0.0,0.0,0.0,0.0,0.0,0.0,0.0,0.0,0.0,0.0,0.0,0.0,0.0,0.0,0.0,0.0,0.0,0.0,0.0,0.0,0.0,0.0,0.0,0.0,0.0,0.0,0.0,0.0,0.0,0.0,0.0,0.0,0.0,0.0,0.0,0.0,0.0,0.0,0.0,0.0,0.0,0.0019719464965436326,0.0,0.0,0.0,0.0,0.0,0.0,0.0,0.0,0.0,0.0,0.0,0.0,0.0,0.0,0.0,0.0,0.0,0.0,0.0,1.0,0.0
11,0.0,1.0,0.0,0.0,1.0,1.0,0.0,0.0,0.0,0.0,0.0,0.0,0.05586929332112615,0.0026678404025982424,0.0,0.0,0.0,0.0,0.0,0.0,0.0,0.0,0.0,0.0,0.0,0.0,0.0,0.0,0.0,0.0,0.0,0.0,0.0,0.0,0.0,0.0,0.0,0.0,0.0,0.0,0.0,0.0,0.0,0.0,0.0,0.0,0.0,1.0,0.0,1.0,1.0,0.0,0.0,0.0,0.0,0.0,0.0,0.0,0.0,0.0,0.0,0.0,0.0,0.0,0.0,0.0,0.0,0.0,0.0,0.0,0.0,0.0,0.0,0.0,0.0,1.0,0.0,0.0,0.0,1.0,0.0,0.0,0.0,0.0,0.0,0.0,0.0,0.0,0.0,0.0,0.0,0.0,0.0,0.0,0.0,0.0,0.0,0.0,0.0,0.0,0.0,0.0,0.0,1.0,0.0,0.0,0.0,1.0,0.0,1.0,0.0,0.0,0.0,0.0,0.0,0.0,0.0,0.0,0.0,0.0,0.0,0.0,0.0,0.0,0.0,0.0,0.0,0.0,0.0,0.0,0.0,0.0,0.0,0.0,0.0,0.0,0.0,0.0,0.0,0.0,0.0,0.0,0.0,0.0,0.0,0.0,0.0,0.0,0.0,0.0,0.0,0.0,0.0,0.0,0.0,0.0,0.0,0.0,0.0,0.0,0.0,0.0,0.0,0.0,0.0,0.0,0.0,0.0,0.0,0.0,0.0,0.0,0.0,0.0,0.0,0.0,0.0,0.0,0.0,0.0,0.0,0.0,0.0,0.0,0.0,0.0,0.0,0.0,0.0,0.0,0.0,0.0,0.0,0.0,0.0,0.0,0.0,0.0,0.0,0.0,0.0,0.0,1.0,0.0,1.0,1.0,0.0,0.0,0.0,0.0,1.0,0.0,1.0,0.0,0.0,0.0,0.0,1.0,0.0,0.0,0.0,0.0,0.0,0.0,0.0,0.0,0.0,0.0,0.0,0.0,0.0,0.0,0.0,0.0,0.0,0.0,0.0,0.0,0.0,0.0,0.0,0.0,0.0,0.0,0.0,0.0,0.0,0.0,0.0,0.0,0.0,0.0,0.0,0.0,0.0,0.0,0.0,0.0,0.0,0.0019719464965436326,0.0,0.0,0.0,0.0,0.0,0.0,0.0,0.0,0.0,0.0,0.0,0.0,0.0,0.0,0.0,0.0,0.0,0.0,0.0,1.0,0.0
12,0.0,1.0,0.0,0.0,1.0,1.0,0.0,0.0,0.0,0.0,0.0,0.0,0.0993510783636297,0.0026678404025982424,0.0,0.0,0.0,0.028878312777251086,0.0,0.0,0.0,0.0,0.0,0.0,0.0,0.0,0.0,0.0,0.0,0.0,0.0,0.0,0.0,0.0,0.0,0.0,0.0,0.0,0.0,0.0,0.0,0.0,0.0,0.0,0.0,0.0,0.0,1.0,0.0,1.0,1.0,0.0,0.0,0.0,0.0,0.0,0.0,0.0,0.0,0.0,0.0,0.0,0.0,0.0,0.0,0.0,0.0,0.0,0.0,0.0,0.0,0.0,0.0,0.0,0.0,1.0,0.0,0.0,0.0,1.0,0.0,0.0,0.0,0.0,0.0,0.0,0.0,0.0,0.0,0.0,0.0,0.0,0.0,0.0,0.0,0.0,0.0,0.0,0.0,0.0,0.0,0.0,0.0,1.0,0.0,0.0,0.0,1.0,0.0,1.0,0.0,0.0,0.0,0.0,0.0,0.0,0.0,0.0,0.0,0.0,0.0,0.0,0.0,0.0,0.0,0.0,0.0,0.0,0.0,0.0,0.0,0.0,0.0,0.0,0.0,0.0,0.0,0.0,0.0,0.0,0.0,0.0,0.0,0.0,0.0,0.0,0.0,0.0,0.0,0.0,0.0,0.0,0.0,0.0,0.0,0.0,0.0,0.0,0.0,0.0,0.0,0.0,0.0,0.0,0.0,0.0,0.0,0.0,0.0,0.0,0.0,0.0,0.0,0.0,0.0,0.0,0.0,0.0,0.0,0.0,0.0,0.0,0.0,0.0,0.0,0.0,0.0,0.0,0.0,0.0,0.0,0.0,0.0,0.0,0.0,0.0,0.0,0.0,0.0,0.0,0.0,0.0,1.0,0.0,1.0,1.0,0.0,0.0,0.0,0.0,1.0,0.0,1.0,0.0,0.0,0.0,0.0,1.0,0.0,0.0,0.0,0.0,0.0,0.0,0.0,0.0,0.0,0.0,0.0,0.0,0.0,0.0,0.0,0.0,0.0,0.0,0.0,0.0,0.0,0.0,0.0,0.0,0.0,0.0,0.0,0.0,0.0,0.0,0.0,0.0,0.0,0.0,0.0,0.0,0.0,0.0,0.0,0.0,0.0,0.0019719464965436326,0.0,0.0,0.0,0.0,0.0,0.0,0.0,0.0,0.0,0.0,0.0,0.0,0.0,0.0,0.0,0.0,0.0,0.0,0.0,1.0,0.0
13,0.0,1.0,0.0,0.0,1.0,1.0,0.0,0.0,0.0,0.0,0.0,0.0,0.0993510783636297,0.0026678404025982424,0.0,0.0,0.0,0.028878312777251086,0.0,0.0,0.0,0.0,0.0,0.0,0.0,0.0,0.0,0.0,0.0,0.0,0.0,0.0,0.0,0.0,0.0,0.0,0.0,0.0,0.0,0.26365067824887706,0.0,0.0,0.0,0.0,0.0,0.0,0.0,1.0,0.0,1.0,1.0,0.0,0.0,0.0,0.0,0.0,0.0,0.0,0.0,0.0,0.0,0.0,0.0,0.0,0.0,0.0,0.0,0.0,0.0,0.0,0.0,0.0,0.0,0.0,0.0,1.0,0.0,0.0,0.0,1.0,0.0,0.0,0.0,0.0,0.0,0.0,0.0,0.0,0.0,0.0,0.0,0.0,0.0,0.0,0.0,0.0,0.0,0.0,0.0,0.0,0.0,0.0,0.0,1.0,0.0,0.0,0.0,1.0,0.0,1.0,0.0,0.0,0.0,0.0,0.0,0.0,0.0,0.0,0.0,0.0,0.0,0.0,0.0,0.0,0.0,0.0,0.0,0.0,0.0,0.0,0.0,0.0,0.0,0.0,0.0,0.0,0.0,0.0,0.0,0.0,0.0,0.0,0.0,0.0,0.0,0.0,0.0,0.0,0.0,0.0,0.0,0.0,0.0,0.0,0.0,0.0,0.0,0.0,0.0,0.0,0.0,0.0,0.0,0.0,0.0,0.0,0.0,0.0,0.0,0.0,0.0,0.0,0.0,0.0,0.0,0.0,0.0,0.0,0.0,0.0,0.0,0.0,0.0,0.0,0.0,0.0,0.0,0.0,0.0,0.0,0.0,0.0,0.0,0.0,0.0,0.0,0.0,0.0,0.0,0.0,0.0,0.0,1.0,0.0,1.0,1.0,0.0,0.0,0.0,0.0,1.0,0.0,1.0,0.0,0.0,0.0,0.0,1.0,0.0,0.0,0.0,0.0,0.0,0.0,0.0,0.0,0.0,0.0,0.0,0.0,0.0,0.0,0.0,0.0,0.0,0.0,0.0,0.0,0.0,0.0,0.0,0.0,0.0,0.0,0.0,0.0,0.0,0.0,0.0,0.0,0.0,0.0,0.0,0.0,0.0,0.0,0.0,0.0,0.0,0.0019719464965436326,0.0,0.0,0.0,0.0,0.0,0.0,0.0,0.0,0.0,0.0,0.0,0.0,0.0,0.0,0.0,0.0,0.0,0.0,0.0,1.0,0.0
14,0.0,1.0,0.0,0.0,1.0,1.0,0.0,0.0,0.0,0.0,0.0,0.0,0.0993510783636297,0.0026678404025982424,0.0,0.0,0.0,0.028878312777251086,0.0,0.0,0.0,0.0,0.0,0.0,0.0,0.0,0.0,0.0,0.0,0.0,0.0,0.0,0.0,0.0,0.0,0.0,0.0,0.007752351428291681,0.09797390377749783,0.6303963392890221,0.0,0.0,0.0,0.0,0.0,0.0,0.0,1.0,0.0,1.0,1.0,0.0,0.0,0.0,0.0,0.0,0.0,0.0,0.0,0.0,0.0,0.0,0.0,0.0,0.0,0.0,0.0,0.0,0.0,0.0,0.0,0.0,0.0,0.0,0.0,1.0,0.0,0.0,0.0,1.0,0.0,0.0,0.0,0.0,0.0,0.0,0.0,0.0,0.0,0.0,0.0,0.0,0.0,0.0,0.0,0.0,0.0,0.0,0.0,0.0,0.0,0.0,0.0,1.0,0.0,0.0,0.0,1.0,0.0,1.0,0.0,0.0,0.0,0.0,0.0,0.0,0.16762161188058933,0.0,0.0,0.0,0.0,0.0,0.0,0.0,0.0,0.0,0.0,0.0,0.0,0.0,0.0,0.0,0.0,0.0,0.0,0.0,0.0,0.0,0.0,0.0,0.0,0.0,0.0,0.0,0.0,0.0,0.0,0.0,0.0,0.0,0.0,0.0,0.0,0.0,0.0,0.0,0.0,0.0,0.0,0.0,0.0,0.0,0.0,0.0,0.0,0.0,0.0,0.0,0.0,0.0,0.0,0.0,0.0,0.0,0.0,0.0,0.0,0.0,0.0,0.0,0.0,0.0,0.0,0.0,0.0,0.0,0.0,0.0,0.0,0.0,0.0,0.0,0.0,0.0,0.0,0.0,0.0,0.0,0.0,0.0,0.0,0.0,1.0,0.0,1.0,1.0,0.0,0.0,0.0,0.0,1.0,0.0,1.0,0.0,0.0,0.0,0.0,1.0,0.0,0.0,0.0,0.0,0.0,0.0,0.0,0.0,0.0,0.0,0.0,0.0,0.0,0.0,0.0,0.0,0.0,0.0,0.0,0.0,0.0,0.0,0.0,0.0,0.0,0.0,0.0,0.0,0.0,0.0,0.0,0.0,0.0,0.0,0.0,0.0,0.0,0.0,0.0,0.0,0.0,0.0019719464965436326,0.0,0.0,0.0,0.0,0.0,0.0,0.0,0.0,0.0,0.0,0.0,0.0,0.0,0.0,0.0,0.0,0.0,0.0,0.0,1.0,0.0
15,0.0,1.0,0.0,0.0,1.0,1.0,0.0,0.0,0.0,0.0,0.0,0.0,0.0,0.0,0.0,0.0,0.0,0.0,0.0,0.0,0.0,0.0,0.0,0.0,0.0,0.0,0.0,0.0,0.0,0.0,0.0,0.0,0.0,0.0,0.0,0.0,0.0,0.007752351428291681,0.09797390377749783,0.6303963392890221,0.0,0.0,0.0,0.0,0.0,0.0,0.0,1.0,0.0,1.0,1.0,0.0,0.0,0.0,0.0,0.0,0.0,0.0,0.0,0.0,0.0,0.0,0.0,0.0,0.0,0.0,0.0,0.0,0.0,0.0,0.0,0.0,0.0,0.0,0.0,1.0,0.0,0.0,0.0,1.0,0.0,0.0,0.0,0.0,0.0,0.0,0.0,0.0,0.0,0.0,0.0,0.0,0.0,0.0,0.0,0.0,0.0,0.0,0.0,0.0,0.0,0.0,0.0,1.0,0.0,0.0,0.0,1.0,0.0,1.0,0.0,0.0,0.0,0.0,0.0,0.0,0.16762161188058933,0.0,0.0,0.0,0.0,0.0,0.0,0.0,0.0,0.0,0.0,0.0,0.0,0.0,0.0,0.0,0.0,0.0,0.0,0.0,0.0,0.0,0.0,0.0,0.0,0.0,0.0,0.0,0.0,0.0,0.0,0.0,0.0,0.0,0.0,0.0,0.0,0.0,0.0,0.0,0.0,0.0,0.0,0.0,0.0,0.0,0.0,0.0,0.0,0.0,0.0,0.0,0.0,0.0,0.0,0.0,0.0,0.0,0.0,0.0,0.0,0.0,0.0,0.0,0.0,0.0,0.0,0.0,0.0,0.0,0.0,0.0,0.0,0.0,0.0,0.0,0.0,0.0,0.0,0.0,0.0,0.0,0.0,0.0,0.0,0.0,1.0,0.0,1.0,1.0,0.0,0.0,0.0,0.0,1.0,0.0,1.0,0.0,0.0,0.0,0.0,1.0,0.0,0.0,0.0,0.0,0.0,0.0,0.0,0.0,0.0,0.0,0.0,0.0,0.0,0.0,0.0,0.0,0.0,0.0,0.0,0.0,0.0,0.0,0.0,0.0,0.0,0.0,0.0,0.0,0.0,0.0,0.0,0.0,0.0,0.0,0.0,0.0,0.0,0.0,0.0,0.0,0.0,0.0,0.0,0.0,0.0,0.0,0.0,0.0,0.0,0.0,0.0,0.0,0.0,0.0,0.0,0.0,0.0,0.0,0.0,0.0,0.0,1.0,0.0
16,0.0,1.0,0.0,0.0,1.0,1.0,0.0,0.0,0.0,0.0,0.0,0.0,0.0,0.0,0.0,0.0,0.0,0.0,0.0,0.0,0.0,0.0,0.0,0.0,0.0,0.0,0.0,0.0,0.0,0.0,0.0,0.0,0.0,0.0,0.0,0.0,0.0,0.007752351428291681,0.09797390377749783,0.6303963392890221,0.0,0.0,0.0,0.0,0.0,0.0,0.0,1.0,0.0,1.0,1.0,0.0,0.0,0.0,0.0,0.0,0.0,0.0,0.0,0.0,0.0,0.0,0.0,0.0,0.0,0.0,0.0,0.0,0.0,0.0,0.0,0.0,0.0,0.0,0.0,1.0,0.0,0.0,0.0,1.0,0.0,0.0,0.0,0.0,0.0,0.0,0.0,0.0,0.0,0.0,0.0,0.0,0.0,0.0,0.0,0.0,0.0,0.0,0.0,0.0,0.0,0.0,0.0,1.0,0.0,0.0,0.0,1.0,0.0,1.0,0.0,0.0,0.0,0.0,0.0,0.0,0.16762161188058933,0.0,0.0,0.0,0.0,0.0,0.0,0.0,0.0,0.0,0.0,0.0,0.0,0.0,0.0,0.0,0.0,0.0,0.0,0.0,0.0,0.0,0.0,0.0,0.0,0.0,0.0,0.0,0.0,0.0,0.0,0.0,0.0,0.0,0.0,0.0,0.0,0.0,0.0,0.0,0.0,0.0,0.0,0.0,0.0,0.0,0.0,0.0,0.0,0.0,0.0,0.0,0.0,0.0,0.0,0.0,0.0,0.0,0.0,0.0,0.0,0.0,0.0,0.0,0.0,0.0,0.0,0.0,0.0,0.0,0.0,0.0,0.0,0.0,0.0,0.0,0.0,0.0,0.0,0.0,0.0,0.0,0.0,0.0,0.0,0.0,1.0,0.0,1.0,1.0,0.0,0.0,0.0,0.0,1.0,0.0,1.0,0.0,0.0,0.0,0.0,1.0,0.0,0.0,0.0,0.0,0.0,0.0,0.0,0.0,0.0,0.0,0.0,0.0,0.0,0.0,0.0,0.0,0.0,0.0,0.0,0.0,0.0,0.0,0.0,0.0,0.0,0.0,0.0,0.0,0.0,0.0,0.0,0.0,0.0,0.0,0.0,0.0,0.0,0.0,0.0,0.0,0.0,0.0,0.0,0.0,0.0,0.0,0.0,0.0,0.0,0.0,0.0,0.0,0.0,0.0,0.0,0.0,0.0,0.0,0.0,0.0,0.0,1.0,0.0
17,0.0,1.0,0.0,0.0,1.0,1.0,0.0,0.0,0.0,0.0,0.0,0.0,0.0,0.0,0.0,0.0,0.0,0.0,0.0,0.0,0.0,0.0,0.0,0.0,0.0,0.0,0.0,0.0,0.0,0.0,0.0,0.0,0.0,0.0,0.0,0.0,0.0,0.0,0.0,0.0,0.0,0.0,0.0,0.0,0.0,0.0,0.0,1.0,0.0,1.0,1.0,0.0,0.0,0.0,0.0,0.0,0.0,0.0,0.0,0.0,0.0,0.0,0.0,0.0,0.0,0.0,0.0,0.0,0.0,0.0,0.0,0.0,0.0,0.0,0.0,1.0,0.0,0.0,0.0,1.0,0.0,0.0,0.0,0.0,0.0,0.0,0.0,0.0,0.0,0.0,0.0,0.0,0.0,0.0,0.0,0.0,0.0,0.0,0.0,0.0,0.0,0.0,0.0,1.0,0.0,0.0,0.0,1.0,0.0,1.0,0.0,0.0,0.0,0.0,0.0,0.0,0.0,0.0,0.0,0.0,0.0,0.0,0.0,0.0,0.0,0.0,0.0,0.0,0.0,0.0,0.0,0.0,0.0,0.0,0.0,0.0,0.0,0.0,0.0,0.0,0.0,0.0,0.0,0.0,0.0,0.0,0.0,0.0,0.0,0.0,0.0,0.0,0.0,0.0,0.0,0.0,0.0,0.0,0.0,0.0,0.0,0.0,0.0,0.0,0.0,0.0,0.0,0.0,0.0,0.0,0.0,0.0,0.0,0.0,0.0,0.0,0.0,0.0,0.0,0.0,0.0,0.0,0.0,0.0,0.0,0.0,0.0,0.0,0.0,0.0,0.0,0.0,0.0,0.0,0.0,0.0,0.0,0.0,0.0,0.0,0.0,0.0,1.0,0.0,1.0,1.0,0.0,0.0,0.0,0.0,1.0,0.0,1.0,0.0,0.0,0.0,0.0,1.0,0.0,0.0,0.0,0.0,0.0,0.0,0.0,0.0,0.0,0.0,0.0,0.0,0.0,0.0,0.0,0.0,0.0,0.0,0.0,0.0,0.0,0.0,0.0,0.0,0.0,0.0,0.0,0.0,0.0,0.0,0.0,0.0,0.0,0.0,0.0,0.0,0.0,0.0,0.0,0.0,0.0,0.0,0.0,0.0,0.0,0.0,0.0,0.0,0.0,0.0,0.0,0.0,0.0,0.0,0.0,0.0,0.0,0.0,0.0,0.0,0.0,1.0,0.0
18,0.0,1.0,0.0,0.0,1.0,1.0,0.0,0.0,0.0,0.0,0.0,0.0,0.0,0.0,0.0,0.0,0.0,0.0,0.0,0.0,0.0,0.0,0.0,0.0,0.0,0.0,0.0,0.0,0.0,0.0,0.0,0.0,0.0,0.0,0.0,0.0,0.0,0.0,0.0,0.0,0.0,0.0,0.0,0.0,0.0,0.0,0.0,1.0,0.0,1.0,1.0,0.0,0.0,0.0,0.0,0.0,0.0,0.0,0.0,0.0,0.0,0.0,0.0,0.0,0.0,0.0,0.0,0.0,0.0,0.0,0.0,0.0,0.0,0.0,0.0,1.0,0.0,0.0,0.0,1.0,0.0,0.0,0.0,0.0,0.0,0.0,0.0,0.0,0.0,0.0,0.0,0.0,0.0,0.0,0.0,0.0,0.0,0.0,0.0,0.0,0.0,0.0,0.0,1.0,0.0,0.0,0.0,1.0,0.0,1.0,0.0,0.0,0.0,0.0,0.0,0.0,0.0,0.0,0.0,0.0,0.0,0.0,0.0,0.0,0.0,0.0,0.0,0.0,0.0,0.0,0.0,0.0,0.0,0.0,0.0,0.0,0.0,0.0,0.0,0.0,0.0,0.0,0.0,0.0,0.0,0.0,0.0,0.0,0.0,0.0,0.0,0.0,0.0,0.0,0.0,0.0,0.0,0.0,0.0,0.0,0.0,0.0,0.0,0.0,0.0,0.0,0.0,0.0,0.0,0.0,0.0,0.0,0.0,0.0,0.0,0.0,0.0,0.0,0.0,0.0,0.0,0.0,0.0,0.0,0.0,0.0,0.0,0.0,0.0,0.0,0.0,0.0,0.0,0.0,0.0,0.0,0.0,0.0,0.0,0.0,0.0,0.0,1.0,0.0,1.0,1.0,0.0,0.0,0.0,0.0,1.0,0.0,1.0,0.0,0.0,0.0,0.0,1.0,0.0,0.0,0.0,0.0,0.0,0.0,0.0,0.0,0.0,0.0,0.0,0.0,0.0,0.0,0.0,0.0,0.0,0.0,0.0,0.0,0.0,0.0,0.0,0.0,0.0,0.0,0.0,0.0,0.0,0.0,0.0,0.0,0.0,0.0,0.0,0.0,0.0,0.0,0.0,0.0,0.0,0.0,0.0,0.0,0.0,0.0,0.0,0.0,0.0,0.0,0.0,0.0,0.0,0.0,0.0,0.0,0.0,0.0,0.0,0.0,0.0,1.0,0.0
19,0.0,1.0,0.0,0.0,1.0,1.0,0.0,0.0,0.0,0.0,0.0,0.0,0.0,0.0,0.0,0.0,0.0,0.0,0.0,0.0,0.0,0.0,0.0,0.0,0.0,0.0,0.0,0.0,0.0,0.0,0.0,0.0,0.0,0.0,0.0,0.0,0.0,0.0,0.0,0.0,0.0,0.0,0.0,0.0,0.0,0.0,0.0,1.0,0.0,1.0,1.0,0.0,0.0,0.0,0.0,0.0,0.0,0.0,0.0,0.0,0.0,0.0,0.0,0.0,0.0,0.0,0.0,0.0,0.0,0.0,0.0,0.0,0.0,0.0,0.0,1.0,0.0,0.0,0.0,1.0,0.0,0.0,0.0,0.0,0.0,0.0,0.0,0.0,0.0,0.0,0.0,0.0,0.0,0.0,0.0,0.0,0.0,0.0,0.0,0.0,0.0,0.0,0.0,1.0,0.0,0.0,0.0,1.0,0.0,1.0,0.0,0.0,0.0,0.0,0.0,0.0,0.0,0.0,0.0,0.0,0.0,0.0,0.0,0.0,0.0,0.0,0.0,0.0,0.0,0.0,0.0,0.0,0.0,0.0,0.0,0.0,0.0,0.0,0.0,0.0,0.0,0.0,0.0,0.0,0.0,0.0,0.0,0.0,0.0,0.0,0.0,0.0,0.0,0.0,0.0,0.0,0.0,0.0,0.0,0.0,0.0,0.0,0.0,0.0,0.0,0.0,0.0,0.0,0.0,0.0,0.0,0.0,0.0,0.0,0.0,0.0,0.0,0.0,0.0,0.0,0.0,0.0,0.0,0.0,0.0,0.0,0.0,0.0,0.0,0.0,0.0,0.0,0.0,0.0,0.0,0.0,0.0,0.0,0.0,0.0,0.0,0.0,1.0,0.0,1.0,1.0,0.0,0.0,0.0,0.0,1.0,0.0,1.0,0.0,0.0,0.0,0.0,1.0,0.0,0.0,0.0,0.0,0.0,0.0,0.0,0.0,0.0,0.0,0.0,0.0,0.0,0.0,0.0,0.0,0.0,0.0,0.0,0.0,0.0,0.0,0.0,0.0,0.0,0.0,0.0,0.0,0.0,0.0,0.0,0.0,0.0,0.0,0.0,0.0,0.0,0.0,0.0,0.0,0.0,0.0,0.0,0.0,0.0,0.0,0.0,0.0,0.0,0.0,0.0,0.0,0.0,0.0,0.0,0.0,0.0,0.0,0.0,0.0,0.0,1.0,0.0
20,0.0,1.0,0.0,0.0,1.0,1.0,0.0,0.0,0.0,0.0,0.0,0.0,0.0,0.0,0.0,0.0,0.0,0.0,0.0,0.0,0.0,0.0,0.0,0.0,0.0,0.0,0.0,0.0,0.0,0.0,0.0,0.0,0.0,0.0,0.0,0.0,0.0,0.0,0.0,0.0,0.0,0.0,0.0,0.0,0.0,0.0,0.0,1.0,0.0,1.0,1.0,0.0,0.0,0.0,0.0,0.0,0.0,0.0,0.0,0.0,0.0,0.0,0.0,0.0,0.0,0.0,0.0,0.0,0.0,0.0,0.0,0.0,0.0,0.0,0.0,1.0,0.0,0.0,0.0,1.0,0.0,0.0,0.0,0.0,0.0,0.0,0.0,0.0,0.0,0.0,0.0,0.0,0.0,0.0,0.0,0.0,0.0,0.0,0.0,0.0,0.0,0.0,0.0,1.0,0.0,0.0,0.0,1.0,0.0,1.0,0.0,0.0,0.0,0.0,0.0,0.0,0.0,0.0,0.0,0.0,0.0,0.0,0.0,0.0,0.0,0.0,0.0,0.0,0.0,0.0,0.0,0.0,0.0,0.0,0.0,0.0,0.0,0.0,0.0,0.0,0.0,0.0,0.0,0.0,0.0,0.0,0.0,0.0,0.0,0.0,0.0,0.0,0.0,0.0,0.0,0.0,0.0,0.0,0.0,0.0,0.0,0.0,0.0,0.0,0.0,0.0,0.0,0.0,0.0,0.0,0.0,0.0,0.0,0.0,0.0,0.0,0.0,0.0,0.0,0.0,0.0,0.0,0.0,0.0,0.0,0.0,0.0,0.0,0.0,0.0,0.0,0.0,0.0,0.0,0.0,0.0,0.0,0.0,0.0,0.0,0.0,0.0,1.0,0.0,1.0,1.0,0.0,0.0,0.0,0.0,1.0,0.0,1.0,0.0,0.0,0.0,0.0,1.0,0.0,0.0,0.0,0.0,0.0,0.0,0.0,0.0,0.0,0.0,0.0,0.0,0.0,0.0,0.0,0.0,0.0,0.0,0.0,0.0,0.0,0.0,0.0,0.0,0.0,0.0,0.0,0.0,0.0,0.0,0.0,0.0,0.0,0.0,0.0,0.0,0.0,0.0,0.0,0.0,0.0,0.0,0.0,0.0,0.0,0.0,0.0,0.0,0.0,0.0,0.0,0.0,0.0,0.0,0.0,0.0,0.0,0.0,0.0,0.0,0.0,1.0,0.0
